video_id,classification
1GYbAEGUgm0,"The thumbnail of the video is misleading. The image shows a firefighter in action, which might suggest that the video is about firefighting or emergency response. However, the actual content of the video is about a conflict or war situation in Ukraine, with scenes of explosions, damaged buildings, and political statements. The thumbnail does not accurately represent the main topic or content of the video, as it does not provide any indication of the conflict or war situation. This could potentially mislead viewers who are only looking at the thumbnail and might not expect the actual content to be about a conflict or war."
LQCQym6hVMo,"The thumbnail of the video is misleading. The image shows a woman in a bright pink outfit, but the actual content of the video is a comedic monologue by Kim Kardashian West on Saturday Night Live. The thumbnail does not accurately represent the main topic or content of the video, as it focuses on the woman's appearance rather than her performance or the context of the show."
0W8T9QKQAMA,OOOOOOOOOOOOOOOOOOOOOOOOOOOOOOOOOOOOOOOOOOOOOOOOOOOOOOOOOOOOOOOOOOOOOO3OOOOOOOOOOOOOOOOOOOOOOOOOOOOOOOOOOOOOOOOOOOOOOOOOOOOO33333OOOO3OOOOOOOOOOOOOOOOOOOOOOOOOOOOOOOOOOOOOOOOOOOOOOOOOOOOOOOOOOOOOOOOOOOOOOOOOOOOOOOOOOOOOOOOOOOOOOOOOOOOOOOOOOOOOOOOOOOOOOOOOOOOOOOOO000222222022003333333333333333333333333333300OOOOOOOOOOOOOOOOOOOOOOOOOOOOOOOOOOOOOOOOOOOOOOOOOOOOOOOOOOOOOOOOOOOOOOOOOOOOOOOOOOOOOOOOOOOOOOOOOOOOOOOOOOOOOOOOOOOOOOOOOOOOOOOOOOOOOOOOOOOOOOOOOOOOOOOOOOOOOOOOOOOOOOOOOOOOOOOOOOOOOOOOOOOOOOOOOOOOOOOOOOOO
IeH0mz0REi4,"ooooooooooooooooooooooooooooooooooooooooooooooooooooooooooooooooooooooooooooooooooooooooooooooooooooooooooooooooooooooooooooooooooooooooooooooooooooooooooooooooooooooooooo
oooooooooooooooooooooooooooooooooooooooooooooooooooooooooooooooooooooooooooo
















ooooo







oooooooooooooooooooooooooooooooooooooooooooo
o
oooooooooooooooooooooooooooooooooooooooooooooooooooooooooooooooooooooooooooooooooooooooooooooooooooooooooooooooooooooooooooooooooooooooooooooooooooooooooooooooooooooooooooooooooooooooo2oo"
2qepS30_wdA,"The thumbnail of the video is misleading. The image shows a person standing on a rooftop, which is not accurately representative of the video's content. The video actually explores themes of youth, introspection, and urban life in Asia, with scenes of a bustling city, a beach, a recording studio, a streaming or gaming setup, people engaged in conversation, and more. The rooftop scene in the thumbnail does not accurately reflect the video's main topic or content."
oULoamyhycA,00000000000000000000000000000030300000000000000222222222222220022203333333333333333300000000444444444444444444------------------------------------------------00---------0------------0000000000660000000000000000000000---------------------------------000000000000000000000000000000000000000000000000000000000000000000000000000000000000000
0uftdOL3fyQ,"The thumbnail of the video is misleading. The image shows a woman speaking into a microphone, which might suggest that she is the main subject of the video. However, the actual content of the video is a news report or broadcast covering an important meeting or event, with a focus on a political or governmental meeting. The woman speaking into a microphone is just one of the many elements in the video, and her presence does not accurately represent the main topic of the video."
4p4Cs2IVSXw,"The thumbnail of the video is misleading. The image shows a man in a suit, which suggests that the video might be related to formal events or business. However, the actual content of the video is a comedic monologue by Ricky Gervais at the Golden Globe Awards. The man in the suit is not the main focus of the video, and the content is not related to formal events or business. The thumbnail is exaggerating the importance of the man in the suit and does not accurately represent the video's main topic."
w3hPbyoebZE,"The thumbnail of the video is misleading. The image shows a man and a woman in a romantic setting, but the actual content of the video is about a celebrity couple and their relationship in various settings, including public appearances and personal moments. The thumbnail's content does not accurately represent the video's main topic or content."
8KeOxeuiZjs,"The thumbnail of the video is misleading. The image shows a man holding an Oscar statuette, which suggests that the video is about the Academy Awards or a similar prestigious ceremony. However, the actual content of the video is a mix-up or mistake during the ceremony, with the wrong winner being announced. This creates a sense of confusion and drama, which is not accurately represented by the thumbnail."
DkuFT4JfWjM,"The thumbnail of the video is misleading. Although the image shows a man holding a trophy, it does not accurately represent the content of the video. The video is actually about a film festival or award ceremony, focusing on the acclaimed Spanish director Pedro Almodóvar winning the Golden Lion award. The thumbnail might lead viewers to expect a different topic or content, such as a sports event or a competition."
pWAKbgB7CHg,"The thumbnail of the video is misleading. The actual content of the video is a behind-the-scenes look at a woman getting ready for a photoshoot or appearance, showcasing the makeup application process. The thumbnail, however, features a different woman with a different makeup style, which is not representative of the actual video content. This misleading thumbnail may lead viewers to expect a different video or topic than what is actually presented."
fm9DH2OtClo,
65Dew37xj9w,"o.o.o.o.o.3.3.3.o.o.o.o.o.o.o.0.0.0.0.0.0.0.2.2.2,2.2,2,2,3,3,3,3,3,3,3,3,3,3,3,3,0,0,0,0.o.o,.o.o,.o,.2,2,3,3,o,3,3,3,3,1,.....0,0.0.o,0,o,o,0,o,o,o,o,o,o,o,o,o,o,o,o,o,o,,,,,,,,,,,,o,3,3,0,0,0,o,o,o,o,o,o,2o,2,2ooo,o,o,o,3,3,3,3,3ooooooooooooooooooo,oooooooooooooooo,o,o,o,o,oooo,3o,3,3o,3ooooooooooooooooooooooooooo2.2.3.3.333333333.333.3.3. 1.1.1.4o4o4ooooo4oooooooooooo,1,oooooooooooooooooooooo6o6o6o6666oooo6oooooooooooooooooooo33333333333333333oooo4o4o4o444o4oooooooooooooooooooooooooooooooooooo0030000000"
tZB8EzZrxtY,"The thumbnail of the video is misleading. The image shows a baseball player swinging a bat, which suggests that the video is about baseball. However, the actual content of the video is about a sports news broadcast covering a baseball game called ""Serie del Rey"" (King's Series). The video includes interviews, discussions, and shots of the stadium, but there is no significant focus on baseball players swinging bats. The thumbnail is misleading because it does not accurately represent the main topic of the video."
L4Xx7IZ4j_Q,"The thumbnail of the video is misleading. The image shows a man in a suit and tie, which might suggest a formal event or a professional setting. However, the actual content of the video is a political event or press conference, where the man is speaking about judicial reform and calling for an end to pressures and bribes in the judicial system. The thumbnail does not accurately represent the video's main topic or content, as it does not convey the political nature of the event."
G-4tJ63X5vo,"The thumbnail for this video is misleading. The image shows a man and a woman standing close to each other, which might suggest a romantic scene or a wedding. However, the actual content of the video is a celebration of a young man's wedding, with various guests and attendees present. The thumbnail does not accurately represent the main topic or content of the video, which is a wedding celebration."
QuKVBeD6qqQ,"The thumbnail of the YouTube video is misleading. The image shows a dog standing on its hind legs, which might suggest that the dog is performing a trick or engaging in a playful activity. However, the actual content of the video shows a more casual and playful interaction between the dog and a person in a bedroom setting. The dog is not performing any tricks or stunts, but rather enjoying a moment of bonding with the person. The thumbnail's misleading nature might lead viewers to expect a more action-packed or skillful display from the dog, but the actual content is more focused on the affectionate and playful interaction between the dog and the person."
OhDgNoqkTrw,"The thumbnail for this video is misleading. The image shows a man standing on a stage with a fiery background, which suggests that the video is about a performance or a concert. However, the actual content of the video is a motivational speech or sermon, which is not accurately represented by the thumbnail. The thumbnail uses exaggeration and clickbait tactics by showcasing an intense and dramatic scene, which does not align with the actual content of the video."
3SsK-cxlj_w,"Sens.













Sens.
Fens.
Sens
Sens.








Sens.
S.
Sens.
The"
QCFluH5CZbo,"The thumbnail of the video is misleading. The image shows a man in a black shirt, which might suggest a more casual or informal setting. However, the actual content of the video is a formal diplomatic meeting between Ukrainian and American officials, with a serious and focused atmosphere. The presence of military personnel and the discussions about defense or strategic issues further emphasize the importance of the meeting. The thumbnail does not accurately represent the main topic or content of the video, as it gives the impression of a casual or less formal gathering."
fQ3uql6oFtg,
moM--zl7dj8,"The thumbnail of the video is misleading. The thumbnail shows a soccer player in a red and white uniform, which suggests that the video is about a soccer match. However, the actual content of the video is a compilation of various sports, including soccer, basketball, and tennis. The video does not focus solely on soccer, as indicated by the thumbnail. The thumbnail uses exaggeration and clickbait tactics to attract viewers, but it does not accurately represent the video's main topic or content."
5P5rKZi5qCU,"The thumbnail of the video is misleading. The image shows a group of people, including Selena Gomez, but it does not accurately represent the content of the video. The video actually consists of various scenes, such as a volleyball team, a surprise visit, a group photo, a film festival, a red carpet event, and interviews. The thumbnail focuses on Selena Gomez, but the video contains a diverse range of events and people, not just her."
t-ZWkb0vyMU,"The thumbnail of the YouTube video is misleading. The image shows a man and a woman kissing, but the actual video content is a compilation of various scenes, including a wedding, a fashion photoshoot, and a proposal. The thumbnail focuses on the romantic aspect of the couple kissing, but it does not accurately represent the video's main topic or content. The video's content is diverse, and the thumbnail's focus on the kissing scene might lead viewers to expect a video solely about a romantic relationship or wedding, which is not the case."
lArb4T4Yp3k,"The image shows a man wearing a suit and tie, standing on a stage and talking to the audience. The man appears to be a comedian or a speaker, engaging with the audience. The scene suggests that the man is performing or giving a presentation. The image captures the man's interaction with the audience, possibly sharing a joke or discussing a topic."
UOhskKdvhrI,"The thumbnail of the video is misleading. The image shows a woman in a dark purple silk robe, which suggests that the video might be related to fashion or lifestyle content. However, the actual video content is a tour of a luxurious modern home, showcasing its design and features. The woman in the robe is the tour guide, and the video does not focus on fashion or lifestyle topics. The thumbnail's content does not accurately represent the video's main topic, making it misleading."
H3PwDOUoqlM,"The thumbnail of the video is misleading. The image shows a man in a white shirt, but the actual video content is a podcast or video blog discussing issues in the automotive industry, particularly focusing on the supply and demand of petrol cars in relation to government regulations. The man in the image is not the main subject of the video, and his presence in the thumbnail is not representative of the video's main topic."
2p7Ah8uQqmU,"The thumbnail of the video is misleading. The image shows a soccer player celebrating a goal, which might suggest that the video is focused on a single match or a highlight reel of goals. However, the actual video content is a compilation of various soccer matches, featuring different teams and competitions. The thumbnail does not accurately represent the main topic or content of the video, as it only shows a single moment from one of the many matches included in the compilation."
9PQpYvKdupo,"The thumbnail of the video is misleading. The image shows a man standing at a podium, which might suggest that he is giving a speech or presentation. However, the actual content of the video is about a group of researchers who received money and resources from the government for their projects. The video also discusses the corruption and privileges associated with this group of researchers. The thumbnail does not accurately represent the main topic or content of the video, as it does not convey the corruption aspect or the specific context of the researchers' projects."
V7jSEMnKTJU,"The thumbnail of the video is misleading. The thumbnail shows a group of people holding a large Mexican flag, which might suggest that the video is about a celebration or a sports event. However, the actual content of the video is a political demonstration in Mexico City, where people are protesting against judicial reforms. The thumbnail does not accurately represent the main topic or content of the video, as it does not show any signs or banners related to the protest. The video's content is more focused on the political demonstration and the participants' messages, rather than a celebration or sports event."
M8ZpecCPo54,"The thumbnail is misleading. The image shows a colorful, abstract design featuring stylized figures and shapes, with the title ""NOTICIAS EL HERALDO DE MÉXICO"" prominently displayed in blue and red text. The animation below the main image represents an audio track, but the thumbnail does not accurately represent the video's main topic or content. The thumbnail focuses on the vibrant design and title, while the actual video content is a podcast promoting the ""Noticias El Heraldo de México"" news from Mexico."
C6FNlGPkhLw,"The thumbnail of the video is misleading. The image shows a person hanging from a wall with tape, which is not representative of the actual content of the video. The video is a compilation of various amusing or unexpected moments captured on camera, such as people reacting with surprise, children playing, and everyday scenes. The thumbnail's content is not related to the video's content, and it uses clickbait tactics to attract viewers."
YASzEtlOeso,"The thumbnail of the video is misleading. The image of the Brazilian flag suggests that the video is primarily about Brazil's actions related to the platform, but the actual content of the video is more focused on the global challenges and controversies surrounding social media regulation, freedom of expression, and the responsibilities of platform owners, with a particular focus on X (Twitter) and Elon Musk's management of it. The thumbnail does not accurately represent the video's main topic or content, as it implies a more narrow focus on Brazil's actions, while the video actually covers a broader range of topics related to social media regulation and freedom of expression."
NS0mpa7K1ZM,"The thumbnail for this video is misleading. The image shows a woman in a patterned dress, which might suggest that the video is about fashion or a fashion-related event. However, the actual content of the video is a talk show segment featuring two women engaged in a conversation. The woman in the patterned dress is a guest, while the other woman is the host. They are discussing various topics, including the OJ Simpson case, which is not related to fashion. The thumbnail does not accurately represent the main topic of the video, making it misleading."
zhEWqfP6V_w,"The thumbnail is misleading. The thumbnail shows a group of men celebrating with a trophy, which suggests that the video is about a victory or a triumphant moment. However, the actual content of the video is a compilation of key moments from the 2022 FIFA World Cup Final match between Argentina and France. The video does not focus on a single celebratory moment but rather showcases various gameplay events and the overall atmosphere of the match. The thumbnail's content does not accurately represent the video's main topic or content, making it misleading."
7nIRj0jgg6w,"The thumbnail for this video is misleading. The image shows a woman with long dark hair, but the actual video content is a compilation of scenes from a reality TV show or documentary series featuring various individuals, including blonde women. The thumbnail does not accurately represent the main topic or content of the video, as it focuses on a single person rather than the diverse cast and narrative of the show."
WqMkSLe2BQM,"The thumbnail of the video is misleading. The thumbnail shows a person wearing a gas mask, which suggests that the video is about air pollution or a public health crisis. However, the actual content of the video is about weather patterns, crowd activities, and daily life in Mexico or a Spanish-speaking country. The gas mask is not a significant element of the video, and its presence in the thumbnail is exaggerated and misleading."
tkrHMiq4WYQ,"The thumbnail of the YouTube video is misleading. The thumbnail shows a group of soccer players in action, but the actual video content is focused on the creation process of miniature soccer player figurines. The thumbnail gives the impression of an exciting soccer game or event, while the video is about the craftsmanship and making of these figurines. This misleading thumbnail may attract viewers who are interested in soccer games or events, but they will be disappointed to find out that the video is about figurines and not an actual soccer match."
vel7axGDmsE,"The thumbnail of the video is misleading. The image shows a very tall dog sitting on a couch, which might suggest that the video is about a dog's unique height or a record-breaking dog. However, the actual content of the video is about a family and their Great Dane named Zeus, showcasing their daily life and interactions with the dog. The video does not focus on the dog's height or any record-breaking aspect. The thumbnail's content is not accurately representative of the video's main topic, making it misleading."
RJ4jlutcSbY,"The thumbnail of the video is misleading. The image shows a man with his mouth open, which might suggest that he is yelling or making an intense facial expression. However, the actual content of the video is a compilation of highlights from a FIFA World Cup match between Portugal and Ghana in 2022. The video does not feature the man with his mouth open, and the thumbnail does not accurately represent the main topic or content of the video."
Y_yY_m-Lpck,"The thumbnail is misleading. The thumbnail shows a person wearing a white helmet, which might suggest that the video is about a drummer or a musician. However, the actual content of the video is a person wearing a white helmet and a white outfit, but they are not playing drums or any other musical instrument. The video is more focused on the person's appearance and the stage setup rather than a live performance or a drumming session. The thumbnail's content does not accurately represent the video's main topic or content, making it misleading."
ucC903dOCk0,"The thumbnail for the video is misleading. The image shows a woman in a black top, but the video's content is focused on entertainment news, specifically about Selena Gomez joining the billionaire club. The thumbnail does not accurately represent the video's main topic or content, as it does not show any connection to the celebrity or the entertainment news segment. The thumbnail's content might be misleading or clickbait, as it does not provide any context or information about the actual content of the video."
xOr7Qsu2TuA,"The thumbnail for the video is misleading. The image shows a woman holding a baby, but the actual video content is from the Disney animated film Moana, which features a young woman on an oceanic adventure. The thumbnail's content does not accurately represent the video's main topic or content, as it does not show any connection to the oceanic voyage, Polynesian culture, or the magical elements present in the film. The thumbnail's content is unrelated to the actual video, which is a misleading representation of the video's content."
jXCYRfv3_lM,"The thumbnail of the video is misleading. The image shows a large crowd of people gathered around a tall column, which suggests that the video might be about a protest or a significant event. However, the actual content of the video is about a demonstration in France against the new Prime Minister, Michael Barnier, and denouncing a coup of President Manuel Macron. The video shows a peaceful protest with people waving flags and banners, and there is no visible conflict or police intervention. The thumbnail does not accurately represent the video's main topic or content, as it does not show any signs of conflict or political tensions."
nrvzrEwJ9fI,"The thumbnail of the video is misleading. The image shows a man in a suit and tie, which might suggest a formal event or a business-related topic. However, the actual content of the video is focused on political events in France, specifically the appointment of a new Prime Minister. The video features various political figures, crowds, and commentary on the political implications of this change. The thumbnail does not accurately represent the video's main topic or content, as it does not convey the political context or the significance of the event in French politics."
P0AG6qpOTPs,"The thumbnail of the video is misleading. The image shows a woman in a beige outfit with a veil covering her face and body, which creates an intriguing and mysterious appearance. However, the actual content of the video is a group of four individuals being interviewed at a fashion event, with two women in striking outfits and a man in a black suit holding a microphone. The thumbnail does not accurately represent the main topic or content of the video, as it focuses on the veiled figure instead of the group interview. This could lead to viewers expecting a different scene or topic than what is actually presented in the video."
xfqBQ2XhBCg,"The thumbnail of the video is misleading. The image shows a person holding a cell phone, which might suggest that the video is about technology or social media. However, the actual content of the video is a lively and energetic music video featuring a K-pop group or artist. The thumbnail does not accurately represent the main topic or content of the video, as it does not showcase the music, dancing, or group performances that are the central focus of the video."
jBwMeX0tU0U,"The thumbnail of the video is misleading. The image shows a man holding a trophy, which suggests that the video is about a celebration or a victory. However, the actual content of the video is a montage of the career and achievements of an Argentine soccer player, focusing on his journey with the national team. The thumbnail does not accurately represent the video's main topic or content, as it implies a celebratory moment, while the video is about the player's career and achievements."
AstLBWlZxLU,"[Music]
[Music]
[Music]
[Music]
[Music]
[Music]
[Music]
[Music]
[Music]
[Music]
[Music]
[Music]
[Music]
[Music]
[Music]
[Music]
[Music]
[Music]
[Music]
[Music]
[Music]
[Music]
[Music]
[Music]
[Music]
[Music]
[Music]
[Music]
[Music]
[Music]
[Music]
[Music]
[Music]
[Music]
[Music]
[Music]
[Music]
[Music]
[Music]
[Music]
[Music]
[Music]
[Music]
[Music]
[Music]
[Music]
[Music]
[Music]
[Music]
[music]
[music]
[music]
[music]
[music]
[music]
[music]"
kV8ucYvic_E,"The thumbnail of the video is misleading. The image shows a person holding a microphone, which suggests that the video is about a news report or an interview. However, the actual content of the video is a live report of a public gathering or demonstration in a city center, with people walking along the street, carrying umbrellas, flags, and signs. The thumbnail does not accurately represent the main topic or content of the video, as it implies a news report or interview, while the video is actually about a public event or protest."
1ykn3lx-I0w,"The thumbnail of the video is misleading. Although it shows two men hugging, which is a part of the video, the main focus of the video is a soccer match between Portugal and Uruguay. The thumbnail does not accurately represent the video's main topic or content, as it does not show any elements related to the soccer match or the players on the field. The video's content description provides a more accurate representation of the video's content, which is a FIFA World Cup match between Portugal and Uruguay."
D55r-Y_yOwU,"The thumbnail of the video is misleading. The image shows a man in a suit standing at a podium, which might suggest that the video is about a political speech or a formal event. However, the actual content of the video is more focused on political proceedings and events in Mexico, including street scenes with protests and demonstrations. The thumbnail does not accurately represent the main topic or content of the video, as it only shows a single aspect of the political activities happening in Mexico."
TYHhRhr3CQE,"The thumbnail of the video is misleading. The image shows a smiling man in a suit and tie, which might suggest that the video is about a positive or celebratory event. However, the actual content of the video is focused on a high-profile legal case involving O.J. Simpson's will, which is a serious and potentially controversial topic. The thumbnail does not accurately represent the video's main topic or content, as it does not provide any indication of the legal matters being discussed."
bKqSQ1pG5xs,"The thumbnail is misleading. The image shows a person with a green and white striped shirt, but the content of the video is not related to the thumbnail's subject. The video is a livestream or recording of a content creator, likely a gamer or streamer, in their room, reacting dramatically to events happening in a game or chat. The person's enthusiasm and physical expressiveness seem to be key elements of their content style. The thumbnail's subject is not accurately represented in the video, which makes it misleading."
x3RY2S33ylA,"The thumbnail of the video shows a soccer match between two teams, one wearing red and white striped jerseys and the other in bright neon green. The video captures the intensity of the match, the emotions of the players, and the overall atmosphere of a professional soccer game. The video is not misleading, as it accurately represents the main topic of the content."
Bowd3CLHFy8,"The thumbnail of the video is misleading. The image shows a man with a drumstick, which suggests that the video is about drumming or music. However, the actual content of the video is about a gaming or streaming channel, focusing on video games, pop culture, and possibly tabletop gaming. The hosts are not drummers but rather engage in discussions and share their interests in gaming and pop culture. The thumbnail's content does not accurately represent the video's main topic, making it misleading."
h8VFPcQylAE,"The thumbnail of the video is misleading. The image shows a group of people walking down a street, but the actual content of the video is a live news broadcast covering the arrival of senators to a session in Mexico City. The thumbnail does not accurately represent the main topic or content of the video."
7Cxwmnyv9Sc,"The thumbnail of the video is misleading. The image shows a man in a suit and red tie, which might suggest a formal event or a business-related topic. However, the actual content of the video is a press conference or address by a high-ranking government official in Mexico, discussing topics such as corruption and government policies. The thumbnail does not accurately represent the video's main topic or content, as it does not convey the political nature of the event or the speaker's role as a government official."
nObJ4NuwGD0,"The thumbnail is misleading. The image shows a woman in a yellow dress, but the actual video content is an interview with a woman in a fuchsia top. The thumbnail does not accurately represent the main focus of the video, which is the interview."
4d-EYIZAqXc,"The thumbnail of the video is misleading. The image shows a man holding two children in a pool, which suggests a fun, lighthearted scene. However, the actual video content depicts a dramatic and intense scene of a natural disaster, such as a tsunami, with people struggling for survival. The thumbnail does not accurately represent the video's main topic or content, as it does not hint at the dramatic and intense nature of the scenes within the video."
fzfVtDPRzt0,"Based on the provided information, the thumbnail for this video is not misleading. The video features a woman in a professional setting, likely a law office or legal environment, and she is engaged in a conversation or presentation. The woman is dressed in professional attire and appears to be knowledgeable about the subject matter. The video subtitles and content description provide context to the woman's discussion, which is related to psychopathy. The video captures a range of emotions and conversational tones, suggesting it might be an interview or educational piece about legal matters. Overall, the thumbnail accurately represents the video's main topic or content."
ngddfxog-yw,"The thumbnail of the video is misleading. The image shows a person skiing down a steep hill, which might suggest that the video is about skiing or winter sports. However, the actual content of the video is about a professional ski jumper preparing and executing a challenging jump. The thumbnail does not accurately represent the main topic of the video, which is ski jumping."
9HvTRg7LCio,"The thumbnail of the video is misleading as it does not accurately represent the main topic or content of the video. The video is actually a motivational montage focused on the journey and mindset of a top soccer player, discussing their career, values, and approach to the sport and life. The thumbnail should have been more representative of the actual content of the video, such as a soccer player in action or a scene from the montage."
fAfy1SHLjI0,"The thumbnail of the video is misleading. The image shows a woman holding an umbrella, but the actual content of the video is a woman giving an emotional speech or interview. The thumbnail does not accurately represent the main topic or content of the video, as it focuses on the umbrella instead of the woman's speech. This could lead viewers to expect a video about weather or outdoor activities, rather than the emotional interview or speech."
gglVDoyAmns,
VyMblPZPh4g,"The thumbnail of the video is misleading. The image shows a man and a woman, but the actual video content is focused on U.S. politics, particularly a debate between Trump and Harris, polling data, and campaign events. The thumbnail does not accurately represent the main topic or content of the video."
ye-7JDaEifM,"ooetooooooooooooooooooooooooooo
o
oooo
o
o
o
o
o
o
o
o
o
o
o
o
o
o
o
o
o
o
o
o
o
o





























o
o
o
o
oooooooo
o
o



o
















o
ooo
o
o
o
o
o
o
o
o
o
o
o
o
t





t
t
t

















o


o
o
oo
o
o
o"
21029bAd4_w,"The thumbnail for the video is misleading. The image shows a man and a woman wearing headphones, which suggests that the video is about headphones or music. However, the actual content of the video is a focus group discussion involving marketing strategies for Beats headphones, potentially involving celebrity endorsements. The thumbnail does not accurately represent the video's main topic or content, as it focuses on the headphones while the video is about marketing and collaboration."
IBd7Y4qvJ6U,"The thumbnail of the video is misleading. Although the thumbnail features Sonic the Hedgehog, the actual video content is not focused on Sonic or the Sonic the Hedgehog franchise. Instead, the video showcases a mix of action scenes, explosions, and characters from different movies, including animated characters and human characters in futuristic-looking environments. The thumbnail's content does not accurately represent the video's main topic or content, as it suggests a Sonic the Hedgehog movie when the video actually contains a variety of action-packed scenes from different movies."
16KaoVmVTPE,"The thumbnail of the video is misleading. The image shows a man in a suit holding a pair of gloves, which might suggest that the video is about gloves or fashion. However, the actual content of the video is a court case, specifically a murder trial, with various people testifying and presenting evidence. The gloves are a crucial piece of evidence in the case, but the thumbnail does not accurately represent the video's main topic or content. The thumbnail uses clickbait tactics by showing a seemingly unrelated object (gloves) to attract viewers, which is misleading."
og_URMyEkpg,"The thumbnail of the video shows two football players in action, with one player attempting to tackle the other. The video is about a football game between the Green Bay Packers and the Philadelphia Eagles. The video contains various scenes of players colliding, tackling, and running, as well as close-up shots of players, showcasing their determination and focus on the field. The video also features a touchdown being scored, and the players' positions and strategies are evident throughout the game. Overall, the thumbnail accurately represents the main topic of the video, which is a football game between the two teams."
5hFd6zGkxLE,"The thumbnail of the video is misleading. The thumbnail shows a close-up of a man's face, which does not accurately represent the video's main topic or content. The video is actually a highlights reel or promotional video for Real Madrid football club, focusing on their performances in the UEFA Champions League. The video showcases various match scenes, players' skills, and moments of celebration, but the thumbnail does not provide any information about these aspects. The thumbnail's content does not match the actual video content, making it misleading."
Lm-vLXkk0Sk,"The thumbnail of the video is misleading. The thumbnail shows a person with a white shirt and red shorts, which might suggest that the video is about a soccer game or practice session. However, the actual content of the video is not focused on soccer or sports, but rather on a casual gathering of people, including a celebrity or well-known figure, who are standing around and interacting with each other. The video also includes moments of gameplay, but the main focus is on the social interactions and the atmosphere of the event, rather than the sport itself."
ylAAKafcqSE,"The thumbnail of the video is misleading. The image shows a missile strike, which is not the main focus of the video. The video actually covers various topics, including the Russia-Ukraine conflict, former US President Trump's legal issues, and the US Capitol assault. The thumbnail's content is not accurately representative of the video's main topic or content."
4AWvQLi5Ewg,"The thumbnail of the video is misleading. The image shows a person holding a bust of a soccer player, which is not the main focus of the video. The video actually shows the process of creating a miniature clay sculpture of a famous soccer player, not a bust. The thumbnail's content does not accurately represent the video's main topic or content."
iRcyp7tWK3w,"The thumbnail of the video is misleading. The image shows a person with blonde hair, but it does not accurately represent the content of the video, which is about a 14-year-old boy who opened fire at a school in Georgia, killing four people and wounding nine. The thumbnail's content does not match the actual video content, which is a news report covering a significant legal case involving a school shooting."
vrXrTKhqkdM,"The thumbnail of the video is misleading. The image shows a man with his legs spread wide apart, which is not an accurate representation of the actual content of the video. The video is a workout tutorial focusing on various lower body exercises, and the man's legs are not spread wide apart in the actual video. The thumbnail's misleading content may lead viewers to expect a different type of video or exercise, which is not the case."
H0-WkpmTPrM,"Based on the provided information, the thumbnail of the video is misleading. The thumbnail shows a person lying on a bed, which might suggest that the video is about a personal or intimate topic. However, the actual content of the video is about communication, societal pressures, and personal struggles. The thumbnail does not accurately represent the video's main topic, and it uses a clickbait tactic to attract viewers. Therefore, the thumbnail is misleading."
2vIdnvYHRdc,"The thumbnail of the video is misleading. The image shows a man in a suit and tie, which might suggest a formal or professional setting. However, the actual content of the video is focused on a Venezuelan political figure and related events, including protests and political movements. The man in the thumbnail is not the central figure of the video, and the content is not related to the man's attire. The thumbnail's misleading nature might lead viewers to expect a different topic or content than what the video actually presents."
GgWkY2LThIo,"The thumbnail of the video is misleading. The image shows a man in a suit and tie, which might suggest a formal or professional setting. However, the actual content of the video is a news or talk show broadcast, featuring a man in a casual outfit, sitting at a desk with a cityscape backdrop. The thumbnail does not accurately represent the video's main topic or content, as it does not show the man in a casual setting or the studio environment. This could potentially lead to confusion or disappointment for viewers who were expecting a formal or professional setting based on the thumbnail."
ncfUdhm9JDk,"The thumbnail of the video is misleading. The image shows a woman with a pink bow in her hair, but the actual video content is a live Instagram video stream featuring a young woman with blonde hair, a white spaghetti-strap top, and large hoop earrings. The video also includes a man in a light blue shirt and white hat in the background. The thumbnail does not accurately represent the main topic or content of the video, as it focuses on the pink bow and not the actual content of the live stream."
V-bP1mziAKk,"Based on the provided information, the thumbnail for this video is misleading. The image shows a woman holding a spoon, which might suggest that the video is about food or cooking. However, the actual content of the video is a late-night talk show segment featuring a female guest and a male host engaged in a food-related challenge or game. The thumbnail does not accurately represent the main topic of the video, which is a humorous and slightly gross food challenge on a late-night talk show."
HUztGjNf-uk,"The thumbnail of the video is misleading. The image shows a man in a yellow shirt with his arms raised, which might suggest a political rally or protest. However, the actual content of the video is a documentary about political events in Brazil, including a politician addressing a crowd, large crowds in the streets, and formal settings with politicians in suits. The thumbnail does not accurately represent the video's main topic or content, as it focuses on a single moment of a person raising his arms, which is not the primary subject of the video."
_cXLeQYLuCw,"The thumbnail is misleading. The image shows a woman wearing a white robe and headband, which suggests a spa-like setting. However, the actual video content shows her in a more casual environment, such as her bathroom. The thumbnail's presentation of the woman in a robe and headband implies a more luxurious or professional setting, which is not accurately represented in the video."
KI0TmvZPaoY,"The thumbnail of the video is misleading. The image shows two men playing drums, but the actual video content is a behind-the-scenes look at two musicians collaborating on a drum performance. The thumbnail does not accurately represent the video's main topic or content."
7i4qb48viM4,000000000000000000.0.0.0.0.0.00.0.2022222200000000.3333.3.33333000000.0.4.4.4.4000000000000000000.0.0.00000.3333.3.0.3.3.3.1.4.4.4.4.4.0.0.0.0000000000333333333333333333.0.00.0.4.4444444444440404.4000000000000000000000000000066666666666666666000000000000000000003333333333333333000000000444440000000000000000000000000000000000000000300000000000000000000000002222222222033333333333333333030000000000000000000000000000000000000000000000000000000000000000000000000000000000000000333333333333333000000004444444000000
avMZGNytm9Y,"The thumbnail for the video is misleading. The image shows a woman in a blue dress, which is not the main focus of the video. The video is actually a trailer for a Disney live-action adaptation of Snow White, set to release in theaters on March 20, 2025. The thumbnail does not accurately represent the video's main topic or content, as it does not show any elements from the Snow White story or the trailer's scenes."
w-YaTnxwQxU,"The thumbnail of the video is misleading. The image shows a character with a determined expression, which suggests that the video is focused on action or intense scenes. However, the actual content of the video is a trailer for a Sonic the Hedgehog movie, which is a mix of live-action and animated elements. The thumbnail does not accurately represent the main topic or content of the video, as it does not show any of the animated characters or the movie's overall theme. This could lead viewers to expect an action-packed video, but instead, they will find a trailer for a Sonic the Hedgehog movie."
XVDOo9wjIOU,"The thumbnail of the video is misleading. Although the image features a soccer player, the actual content of the video is a compilation of various scenes from the player's life, including training, matches, interactions with fans, and personal moments. The thumbnail might suggest a specific focus on the player's journey with the national team, but the video actually covers a broader range of experiences and events."
9ncvEazcJ8U,"The thumbnail of the video is misleading. The image shows a man with curly hair and a beard, but the content of the video is not related to the man's appearance. Instead, the video is about the death of a Mexican actor named James Holcroft, who was 26 years old. The video features various scenes of the man in different settings and moods, including a celebratory atmosphere with confetti. The thumbnail's content does not accurately represent the video's main topic or content, as it focuses on the man's appearance rather than the actual subject matter of the video."
FEou1UOo8ek,"The thumbnail of the video is misleading. It shows a woman in a fur coat, which is not representative of the actual content of the video. The video features a group of women on a private jet, with scenes of them having conversations, expressing anxiety, and discussing leaving the plane. The thumbnail's focus on the woman in the fur coat creates a false impression of the video's main topic, which is the group of women on the plane rather than a single individual."
IvMJDmdCxfk,"The thumbnail of the video is misleading. The image shows a large crowd of people, but it does not provide any context or information about the event they are attending. The actual content of the video is a news report covering a protest in France against President Emmanuel Macron's decision to appoint Michel Barnier as Prime Minister. The video shows the scale, diversity, and intensity of the public opposition to this key government decision. The thumbnail does not accurately represent the main topic or content of the video, as it does not provide any information about the protest or the context in which the crowd has gathered."
fKECBVo-63U,"The thumbnail of the video is misleading. The image shows a smiling man, but the video's content is about the death of an actor named James Holcroft. The thumbnail does not accurately represent the video's main topic or content, as it portrays a positive and happy moment, while the actual video discusses a tragic event. This misleading thumbnail may lead viewers to expect a lighthearted or entertaining video, but instead, they are presented with a somber topic."
YZ-LagCs6GA,"The thumbnail is misleading. The image shows a woman with curly hair, but the actual video content is a performance or music video featuring a woman in a glamorous setting. The thumbnail does not accurately represent the video's main topic or content."
WQEIMX3mDyc,"The thumbnail of the video is misleading. The image shows a woman with dark hair wearing a black jacket with white stripes on the sleeves, which is not an accurate representation of the video's content. The actual video features two different women in two distinct settings, one in an office or study setting and the other in a more casual, home-like setting. The thumbnail's content does not accurately reflect the video's content, as it only shows one woman in a professional setting. This misleading thumbnail may lead viewers to expect a different type of content than what the video actually provides."
_HML6UYYF-I,"The thumbnail of the video is misleading. The image shows two men sitting at a table, but it does not accurately represent the content of the video. The actual video features an intimate conversation between two prominent African American men in the entertainment industry, discussing various topics related to the entertainment industry and their experiences. The thumbnail's content does not match the actual video's content, which is a serious and focused conversation rather than a casual gathering."
u8o7YBY_iaw,"The thumbnail for the video is misleading. The image shows a young man with a hoodie on, but the video's content is focused on a woman and a young person, possibly Justin Bieber, sitting on a couch and having a conversation. The thumbnail does not accurately represent the video's main topic or content, as it features a different person and setting than what is actually shown in the video."
OuRPA7KmJOs,"Based on the provided information, the thumbnail of the YouTube video is misleading. The video is about a large protest by workers of the PJF (Poder Judicial de la Federación - Federal Judiciary) in Mexico City, but the thumbnail suggests a different topic. The video shows a crowd of people marching down a street, carrying signs and flags, and demanding judicial reform. The protesters are diverse, with people of all ages participating. The video also features a news anchor introducing the story and a reporter speaking into a microphone on a city street. The thumbnail does not accurately represent the main topic of the video, which is the large protest in Mexico City."
4pFWoiW4lRw,"The thumbnail for the video is misleading. The thumbnail shows a close-up of a soccer player, likely Cristiano Ronaldo, with the number 7 on his jersey. However, the actual video content does not focus solely on Ronaldo or his number 7 jersey. Instead, the video is a compilation of various soccer scenes, including action on the field, crowd reactions, and emotional moments. The thumbnail's focus on Ronaldo and his number 7 jersey may lead viewers to expect a video centered around Ronaldo's performance, but the actual content is more diverse and showcases different aspects of soccer competition."
I4vpY-wMU6A,"The thumbnail for the video is misleading. Although the thumbnail features a man in a suit, it does not accurately represent the content of the video. The video is actually a trailer for the upcoming film ""Black Panther III"" from Marvel Studios. The thumbnail's content does not provide any information about the movie or its storyline, making it misleading for viewers who are looking for information about the film."
a68_5wd-r5o,"The thumbnail of the video is misleading. Although the drummer is indeed playing in various settings, the thumbnail primarily focuses on the drummer's intense and energetic performance during a live concert. The thumbnail does not accurately represent the video's main topic or content, which includes practice sessions, intimate rehearsal footage, and the drummer's passionate expressions. The thumbnail uses clickbait tactics by showcasing the drummer's intense performance, which may not be the most representative or accurate depiction of the video's content."
eeumL7Fz-8M,e.e.e.eee.e.e.e.3.e.e.e.e.e.e.e.e.2.2.0.0.000.0.3.3.3.3.2.0.3.3.0.1.3.3.3.
Stb3hfQDfzg,"The thumbnail of the video is misleading. The thumbnail shows a man in a suit speaking at a podium, which suggests that the video is about a formal event or speech. However, the actual content of the video is a series of images depicting a press conference or official address in Mexico, with the speaker delivering a message about corruption and injustices. The thumbnail does not accurately represent the video's main topic or content, as it does not convey the context of the speech or the political nature of the address."
go-vCNylqcs,"The thumbnail is misleading. The image shows a man and a young boy, but the content of the video is not accurately represented by the thumbnail. The video actually features a father coaching his son on how to say his name correctly, with some moments of frustration or confusion. The thumbnail might lead viewers to expect a different type of content, such as a sports-related video featuring Cristiano Ronaldo."
gpcTOohKzYw,"The thumbnail for this video is misleading. The image shows two women, but the video's content is focused on a single woman with short dark hair, who is engaged in various conversations and situations. The other woman is only briefly seen in the background. The thumbnail's content does not accurately represent the video's main topic or content, as it suggests a more significant interaction between the two women than what is actually present in the video."
XIGWjzqKTp0,"The thumbnail of the video is misleading. The image shows an older African American gentleman in a tuxedo, which might suggest that the video is about a formal event or a celebration. However, the actual content of the video is focused on a speech or tribute to a distinguished actor, possibly Denzel Washington, with various photographs and video clips displayed on large screens behind the speaker. The thumbnail does not accurately represent the video's main topic or content, as it does not convey the context of the speech or tribute."
cxkUhSMSWXs,"The thumbnail of the video is misleading. The image shows a man and a woman talking, but it does not accurately represent the content of the video. The video is actually a segment from a morning talk show discussing the controversial topic ""Is it okay to lie to your kids?"". The hosts are engaged in a lively discussion, and the video also shows the poll results, which is not visible in the thumbnail. The thumbnail does not provide enough information about the actual topic of the video, making it misleading."
ZmKy_fnRM_E,
lnln2txTbRY,"The thumbnail of the video is misleading. The actual content of the video is a press conference featuring a Mexican soccer player, not a young man being interviewed. The thumbnail suggests a different scene, which could be misleading to viewers who are interested in the press conference."
RLBY1XW_j2o,"The thumbnail of the video is misleading. The thumbnail shows a group of four men in light blue shirts, which might suggest that they are the main focus of the video. However, the actual content of the video revolves around a soccer match between Mexico and New Zealand, with interviews of players and a coach, as well as footage of the match. The thumbnail does not accurately represent the video's main topic or content, as it does not show any elements related to the soccer match or the players. This could lead viewers to expect a different type of content or be disappointed when they realize the video is not about the four men in the thumbnail."
OxT4aZsXkuY,"The thumbnail of the video is misleading. The image shows a group of women sitting on high chairs, which might suggest that they are judges or contestants in a singing competition. However, the actual content of the video shows a group of people sitting on outdoor sofas, watching performances and enjoying drinks. The thumbnail does not accurately represent the main topic or content of the video, as it implies a different setting and purpose than what is actually shown in the video."
9D2kQ054PVE,"The thumbnail of the YouTube video is misleading. The thumbnail shows a man in a suit with his arms raised, which might suggest a formal or professional event. However, the actual video content is a concert or performance featuring a musician in a light-colored outfit singing into a microphone and dancing energetically across a red-lit stage. The thumbnail does not accurately represent the main topic or content of the video, as it does not showcase the concert or performance aspect of the video."
4wBFoWumJEI,"The thumbnail for the video is misleading. The thumbnail shows a man with braided hair, but the actual video content features a different man with a different hairstyle. The thumbnail's content does not accurately represent the video's main topic or content."
n-Gre9Py0Jw,s.
lH-04-ZNFPQ,"The thumbnail of the video is misleading. The video is not about a soccer match between Portugal and Scotland, but rather a highlight reel of a soccer match featuring Portugal. The thumbnail shows a player wearing a red jersey, which is associated with Portugal, and a player in a white jersey, which is associated with Scotland. However, the actual content of the video does not show a match between these two teams. Instead, it features a highlight reel of a soccer match involving Portugal."
rF31t3oqsj8,SEN
RrjGfIMoaWo,"The thumbnail is misleading. The thumbnail shows a man with a beard and a pink jacket, which is not an accurate representation of the video's content. The video actually features a diverse group of characters, including a man in a red hoodie, and a bearded man in a pink jacket who appears to be a guide or mentor figure. The thumbnail's focus on a single character and the pink jacket creates a misleading impression of the video's content."
QSWeVyIjoXo,"The thumbnail of the video is misleading. The image shows a man giving a speech at a podium, but the content of the video is not related to the thumbnail's content. The video is actually about a political event in Mexico, specifically the inauguration of the Parque del Jaguar y Museo de la Costa Oriental (Jaguar Park and Eastern Coast Museum) in Tulum, Quintana Roo on September 7, 2024. The man giving the speech is an older man with white hair, dressed in a traditional white guayabera shirt with embroidery. He is standing at a podium with the Mexican coat of arms and government logos visible. The video also features a sign language interpreter in the corner of each frame, translating the speech for deaf viewers."
yX03RI83ZRM,"The thumbnail of the video is misleading. The image shows a woman speaking into a microphone, but the content of the video is not related to the thumbnail's content. The video is actually a press conference or public statement, featuring two women standing at a podium, with one of them speaking into a microphone. The thumbnail's content does not accurately represent the video's main topic or content."
U8Ucf9B5izE,"The thumbnail of the YouTube video is misleading. The image shows a car on a street, which is not related to the actual content of the video. The video is about a tragic incident in Ciudad Juárez, Mexico, where five people were killed and four others were injured at a quinceañera party. The video shows interviews, street scenes, and a crime scene with blood stains on a concrete surface. The thumbnail does not accurately represent the main topic or content of the video, which is a serious news report about a violent attack at a coming-of-age celebration."
t-v_TQO6FVg,"The thumbnail of the video is misleading. The thumbnail shows a person playing League of Legends, but the actual content of the video is a compilation of top plays from a professional League of Legends tournament or series. The thumbnail does not accurately represent the main topic or content of the video."
myjEoDypUD8,"The thumbnail for the video is misleading. Although the image shows a man in a tuxedo, it does not accurately represent the content of the video. The video is actually a comedic performance by a host at an awards ceremony, with the man in the tuxedo being the host. The thumbnail's content does not match the actual video content, which is focused on humor and entertainment rather than a serious or formal event."
9vIHC6CXmmQ,"The thumbnail of the video is misleading. The image shows a person standing in a flooded street, which might suggest that the video is about flooding or natural disasters. However, the actual content of the video is about severe weather events and flooding in China, as indicated by the ""LaJornada de Oriente"" watermark and ""CHINA"" text in some frames. The video depicts people struggling in floodwaters, heavy rainfall, strong winds, and the aftermath of the flooding. The thumbnail does not accurately represent the video's main topic or content, as it only shows a person standing in a flooded street without providing context or information about the location or the specific weather event."
3eSnuD6yOnA,"The thumbnail of the video is misleading. The image shows a woman wearing a crown and holding a bouquet, which suggests that she has won a beauty pageant. However, the actual content of the video is a compilation of scenes from a beauty pageant or similar competition, featuring a single contestant throughout various stages of the event. The thumbnail implies that the woman has already won the competition, while the video shows her journey and the final crowning moment. This exaggeration or clickbait tactic is used to attract viewers, but it does not accurately represent the video's main topic or content."
jj1GeZTtvR0,"The thumbnail of the video is misleading. The thumbnail shows a man in a yellow jersey with his arms around his teammates, suggesting a celebratory moment. However, the actual content of the video is focused on a professional soccer player's career, showcasing various gameplay scenes, intense moments, and celebrations. The thumbnail's content does not accurately represent the video's main topic or content. The thumbnail uses a celebratory pose to attract viewers, which is a clickbait tactic."
XeOzii8NwiY,"The thumbnail of the video is misleading. The image shows a group of men celebrating, which might suggest a victory or an exciting moment in the game. However, the actual content of the video is a soccer match between Mexico and New Zealand, with Mexico dominating the game and scoring three goals. The thumbnail does not accurately represent the main topic or content of the video, as it does not show any action from the soccer match or the teams playing."
Z19RVYmDNrE,"The thumbnail of the video is misleading. The image shows two women standing in a kitchen, but the actual content of the video is a cooking tutorial featuring the same two women preparing a pasta dish, likely a vodka pasta recipe that incorporates tequila. The thumbnail does not accurately represent the main topic or content of the video, which is a cooking tutorial rather than just two women standing in a kitchen."
EBwsw32VY0I,"The thumbnail of the video is misleading. The image shows a woman with blonde hair, which is not an accurate representation of the content. The actual video features a male host and two female guests, all of whom have different appearances. The thumbnail's misleading representation of the content could lead viewers to expect a different scene or person than what is actually present in the video."
F-kvFACZ5yE,"The thumbnail of the video is misleading. The image shows two men sitting on chairs, but the actual content of the video is a conversation between Denzel Washington and another person, likely an interviewer. The thumbnail does not accurately represent the main topic or content of the video, which is a discussion or interview between the two individuals."
U55QFiK8EQs,"The thumbnail of the video is not misleading. It accurately represents the content of the video, which is focused on two Mexican Paralympic athletes and their achievements in Paris. The thumbnail shows the athletes in action, which aligns with the actual content of the video. The video's subtitles and content description also provide context and information about the athletes and their accomplishments. Therefore, the thumbnail is not misleading and is considered ""Not Misleading."""
u6CRO3cE_5w,"The thumbnail of the video is misleading. The thumbnail shows a person throwing a javelin, which is not the main focus of the video. The video actually features a compilation of highlights from Paralympic sports events, with a strong emphasis on the determination, joy, and pride of the Paralympic athletes. The scenes showcase a variety of sports and the international nature of the event, with a particular focus on Mexican athletes. The video captures the spirit of the Paralympic Games, highlighting both the intense competition and the celebratory moments of success."
EllS87Qo_gc,"The thumbnail for this video is misleading. The image shows a woman with long dark hair lying on a bed or couch, engaged in a phone call. However, the actual content of the video is a scene from a reality TV show, likely ""Keeping Up with the Kardashians."" The woman in the thumbnail is not the main subject of the video, and her emotional state is not accurately represented in the thumbnail. The thumbnail uses clickbait tactics by showing a woman in an emotional state, which is not the main focus of the video."
ixUmZiUP3Ko,"The thumbnail of the video is misleading. The image shows a man in a blue shirt sitting at a desk, which might suggest that the video is about a news event or a press conference. However, the actual content of the video is a comedic or critical comparison of two political figures, with the man in the blue shirt being one of them. The video also includes TikTok overlays and comments, indicating that it has been repurposed for social media. The thumbnail does not accurately represent the video's main topic or content, as it focuses on a single person in a seemingly formal setting, while the video actually contains a humorous or satirical commentary on political figures."
xKWEBc-df_M,"The thumbnail is misleading. The image shows a man with a mustache, which is a prominent feature in the video. However, the man is not the main focus of the video, as the content revolves around the story of Pedro Páramo. The thumbnail's focus on the man with a mustache might lead viewers to expect a different type of content or misinterpret the video's main theme."
HC4A7zCoX6U,2.
986TqLsdRZE,"The thumbnail of the video is misleading. The image shows a person holding a medal, which might suggest that the video is about a single athlete's achievements. However, the actual content of the video is about Mexican Paralympic athletes, showcasing their journey and achievements as a team. The thumbnail does not accurately represent the video's main topic or content, as it focuses on a single athlete rather than the collective accomplishments of the Mexican Paralympic team."
VZNTxRHHN3U,"The thumbnail of the video is misleading. The image shows a person standing in front of a blue background, which might suggest that the video is about weather forecasting or a related topic. However, the actual content of the video is a news program with various international news items, including updates on the Russia-Ukraine conflict, a transport strike in Italy, Typhoon damage in China and Vietnam, and conflict between Israel and Hezbollah. The video does not focus on weather forecasting or any other weather-related topic. The thumbnail's content is not accurately representing the video's main topic, and it might be using clickbait tactics to attract viewers."
-20QvMQRX1Q,"The thumbnail of the video is misleading. The image shows a woman feeding a baby with a bottle, which suggests that the video is about a baby or a young child. However, the actual content of the video is about young parents and their experiences, focusing on the challenges and support systems they have. The thumbnail does not accurately represent the video's main topic or content, as it only shows a small part of the scene and does not convey the broader context of the video."
1B1XwdZ7Kzo,"The thumbnail of the video is misleading. The thumbnail shows a man speaking at a podium, which might suggest that the video is focused on a political speech or event. However, the actual content of the video is a compilation of various political events and rallies, including different political figures and their respective campaigns. The video also includes scenes from the January 6th events at the U.S. Capitol, which are chaotic and dramatic, rather than a controlled political environment. The thumbnail does not accurately represent the video's main topic or content, as it only shows a single aspect of the compilation."
90D_hOnFrgU,"The thumbnail of the video is misleading. The image shows a man and a woman in formal attire, which might suggest that the video is about a formal event or a celebration. However, the actual content of the video is about an awards ceremony or a similar high-profile Hollywood gathering, with people reacting to a joke or a controversial moment. The thumbnail does not accurately represent the main topic or content of the video, as it does not show any of the reactions or the context of the event."
L3c8rzSj5og,"The thumbnail of the video is misleading. The image shows a woman sitting on a couch with a child, but the actual content of the video is a mix of different scenes, including parenting challenges, domestic life, and interviews. The thumbnail does not accurately represent the video's main topic or content, as it focuses on a single moment of a woman and a child on a couch, while the video contains various other scenes and subjects."
NiidUuPZxpA,"t.
o.
o.


o.
o.
o.
o.
o.
o.
o.
o.
o.
s.
s.
S.
S.
t.
o.
o.
o.
o.

o.
o.
o.
o.
o.o.o.
o.
s.
o.
o
the

o
o
o
o
o
the
the
o
o
s
s
o
o
o
o
o
o
o
o
o
theo
the
the
the
the
the
s
s
s
s
s"
-dC6mVzQk-M,"The thumbnail of the video is misleading. The thumbnail shows a shirtless man with headphones and drumsticks, but the actual video content features a drummer wearing a shirt and headphones, playing drums in a studio setting. The thumbnail's content does not accurately represent the video's main topic or content, as it exaggerates the drummer's attire and focuses on a single aspect of the performance. This could potentially lead to confusion or disappointment for viewers who were expecting a shirtless drummer based on the thumbnail."
oyZ2HQ1zI8E,"2220000333333333333333300000.400.4.4.44.4.0.0.0.0.0.0.0.0.3.3.30000.10000.0000000000000000.0.0,00000003000030.3.3.3.0000.0.0.0.0.0.0.0.2.2.0.0.2.2.0.2.0.0.0.0000000000003330003330000333000333033333333333333333333333333333333333333333330000000000000000000000000003333333333333333333333333030000000000000000000000000300003330000000000000000000000000000000000000000000000000222222222202000333333333333333000000000004444400000000000222000003000000333333300000000000000000000000000000002000003333333333333333333300000"
9GeaHL26b40,"The thumbnail is misleading. The image shows a man walking down a street in New York City, but the actual video content is a church service or concert at Hillsong Church NYC. The thumbnail does not accurately represent the video's main topic or content, as it suggests a street scene in New York City, while the video is focused on a religious event taking place indoors."
nvZ_O9LoCXQ,"The thumbnail of the video is misleading. The image shows a woman in a white dress, but the actual video content is a nighttime scene outside a restaurant or club, with a crowd of people, some in formal attire, and a black luxury vehicle. The woman in the white dress is not the main focus of the video, and her presence in the thumbnail is not representative of the video's content. The thumbnail uses a clickbait tactic by featuring a prominent figure in the image, but the actual video does not revolve around her."
D1XQ0nSqIBs,"The thumbnail of the video is misleading. The image shows a man and a woman standing under a floral arch, which suggests a romantic or celebratory moment. However, the actual video content is more focused on the experiences of a soccer player and a woman, with scenes of a VIP party, a soccer team locker room, and various emotional moments between the characters. The thumbnail's content does not accurately represent the video's main topic or content, as it implies a romantic or celebratory context that is not fully explored in the video."
MAVsrLPH3ks,"The thumbnail of the video shows a dog with its mouth open, which might suggest that the dog is yawning or making a funny face. However, the actual content of the video is a compilation of various scenes featuring pets and people interacting in different settings, such as outdoors, indoors, and even at a party. The thumbnail is misleading as it does not accurately represent the main topic or content of the video. The thumbnail uses an exaggerated or clickbait tactic to attract viewers, which is misleading."
ISlS4aukpaM,"The thumbnail of the video is misleading. The image shows a woman sitting in a chair, but it does not accurately represent the content of the video. The video is actually a compilation of scenes featuring a woman as the main subject, with various interactions and discussions taking place. The woman is not just sitting in a chair, but is engaged in different activities and conversations throughout the video. The thumbnail's focus on the woman sitting in a chair does not accurately represent the diverse content and dynamic nature of the video."
333xQzTQKEU,"The thumbnail of the YouTube video is misleading. The image shows a man and a woman posing together, but the thumbnail does not accurately represent the video's main topic or content. The video actually depicts a fan encounter with a celebrity, likely Justin Bieber, in an urban setting. The thumbnail does not provide any information about the celebrity or the context of the encounter, which is the main focus of the video. The use of a misleading thumbnail may lead viewers to expect a different type of content or to be disappointed when they realize the actual content of the video."
Ylj_Omeqg0I,
Cd9qrDtXq0E,"The thumbnail of the video is misleading. The image shows a man in a maroon sweater, but the actual content of the video is a compilation of various interviews and moments related to the Oscars controversy, including Will Smith's actions and the aftermath. The thumbnail does not accurately represent the video's main topic or content, as it focuses on a single person in a sweater rather than the broader context of the Oscars controversy."
phNCAbopozQ,"The thumbnail of the video is misleading. The image shows a man holding a trophy, which might suggest that the video is about a sports event or an award ceremony. However, the actual content of the video is a compilation of scenes from multiple FIFA Ballon d'Or award ceremonies over several years. The video does not focus on a single event or individual, but rather showcases various moments from different award ceremonies. The thumbnail's focus on a single person holding a trophy is misleading, as it does not accurately represent the video's main topic or content."
Ooe-QU-77BI,t.
qQI3ENx1SKc,"The thumbnail of the video is misleading. The image shows a person in a wheelchair, which might suggest that the video is about a person with disabilities or mobility issues. However, the actual content of the video is about Pope Francis' visit to Indonesia and other Southeast Asian countries. The video focuses on the Pope's diplomatic and religious journey, interfaith dialogue, and interactions with various religious leaders and locals. The thumbnail does not accurately represent the video's main topic or content, as it does not convey the Pope's visit or the interfaith context of the trip."
fTrMH2Pdq2M,"The thumbnail of the video shows a close-up of a large cut of beef, possibly a beef rib or brisket, being cooked on a grill. The image suggests that the video is about preparing and cooking a delicious meal using this cut of beef. The video's subtitles and content description further support this, as they describe the process of preparing the meat, marinating it, and cooking it on a grill. The video likely showcases the entire process from raw ingredients to the final plated dish, highlighting the time and care put into preparing this barbecue-style meal."
YT33knOgg8U,"The thumbnail of the YouTube video is misleading. The thumbnail shows a shirtless person doing pull-ups with red spherical attachments, which gives the impression that the video is focused on a specific workout or exercise. However, the actual content of the video is a compilation of various gym mishaps and unusual workout attempts, including incorrect use of weight machines and potentially dangerous situations. The thumbnail does not accurately represent the video's main topic or content, and it may use clickbait tactics to attract viewers."
VZqok0qjlBk,"The thumbnail of the video is misleading. The image shows a man in a suit with white gloves, which might suggest that he is a professional or an expert in a particular field. However, the actual content of the video is a court proceeding, where the man is demonstrating something with his hands, possibly related to the trial. The thumbnail does not accurately represent the main topic or content of the video, as it does not show the courtroom setting or the context of the trial. The thumbnail's focus on the man's hands and suit might lead viewers to expect a different type of content, such as a professional demonstration or a tutorial, rather than a court proceeding."
pdXTJOJp7c0,"The thumbnail of the video is misleading. The image shows a shirtless man with a soccer ball, which might suggest that the video is about a casual or fun moment involving soccer. However, the actual content of the video is a compilation of a soccer player's career highlights, showcasing various moments from different matches, teams, and stages of his career. The thumbnail does not accurately represent the video's main topic or content, as it does not convey the seriousness and competitive nature of the soccer player's career."
1fK2IyWkcHg,"The thumbnail of the video is misleading. The image shows a woman with her hair blowing in the wind, which might suggest that the video is about hair or wind-related topics. However, the actual content of the video is a compilation of various humorous and often chaotic moments caught on camera, including parasailing, a flooded street, a backyard barbecue, and people struggling with windy conditions. The thumbnail does not accurately represent the video's main topic or content, and it uses exaggeration or clickbait tactics to attract viewers."
IENArFXpQD8,"Oo


Oooooo

















Oooo
Oooooooo
Oo
O
O3
3
3o
3o3333333333333333
O
O
O22222
O0o



3333
333
3
3
3
3












































































O
Oo




























O





O


O
O
O
O
O
O
O
O
O
O
O
O
O
O
O
O
O
O



O
O

O
O



O
O
O
O
O
O
OOOOOOOOOOOO
OO
O
O
O
O
O
O
O




























O"
3ktU5YAxvkE,"The thumbnail is misleading. The video's content is not accurately represented by the thumbnail. The thumbnail shows two men in soccer uniforms, which suggests that the video is focused on soccer players. However, the actual video content is a series of interview segments or reactions from various athletes and sports personalities, likely focused on comparing two famous soccer players. The thumbnail uses exaggeration and clickbait tactics by showing two men in soccer uniforms, which is not the main topic of the video."
pHmezoHODew,"The video thumbnail: The image shows two Mexican Paralympic athletes, Edgar Ulises Fuentes, and Yanez, who are standing next to each other. They are all smiling and posing for the camera."
7zjMUoRfUjI,"The thumbnail of the video is misleading. The image shows a man sitting on a chair, but it does not accurately represent the content of the video. The video actually features a famous footballer, Cristiano Ronaldo, engaging in an interview or speaking event at an expo in Dubai. The event is well-attended, and the atmosphere is lively. The video provides valuable insights into the footballer's thoughts on health, wellness, and the importance of taking care of one's body."
7yH_9nvm9fU,
udXlrv9J1HE,"The video thumbnail is misleading. The actual video content shows two people engaged in a radio interview or podcast recording session, with one person wearing a red ""Posse"" baseball cap and the other wearing a black hoodie. The thumbnail suggests a different scene, possibly involving Justin Bieber. The video's content does not align with the thumbnail's description, making it misleading."
a3KAmDrS35A,"The thumbnail of the video is misleading. The image shows a man wearing a white cap with a ""W"" logo, which might suggest that the video is related to a sports event or a popular figure. However, the actual content of the video is a personal statement or interview where the speaker is addressing a controversial event, expressing remorse, and reflecting on its impact on himself and others. The thumbnail does not accurately represent the video's main topic or content, as it does not convey the serious and introspective nature of the discussion."
ezbYAglQoxI,"The thumbnail for the video is misleading. Although it features a character from the Dragon Ball series, the image does not accurately represent the content of the video. The video is actually a promotional trailer or opening sequence for a new Dragon Ball anime series titled ""Dragon Ball Daima,"" showcasing action, mystery, and familiar elements from the franchise. The thumbnail's content does not provide enough information to accurately represent the video's main topic or content."
zaPcin5knJk,"The thumbnail for the video is misleading. The image shows a person with blood on their face and a creepy Santa Claus figure covered in blood, which suggests a violent and disturbing scene. However, the actual content of the video is a horror movie or trailer, not a Christmas-themed movie. The thumbnail's content is not representative of the video's main topic or content, and it uses exaggeration and clickbait tactics to attract viewers."
HPwWK8ljorM,"The thumbnail of the video is misleading. The image shows a man and a woman looking at a box, which might suggest that they are opening a gift or receiving a surprise. However, the actual content of the video revolves around a young couple dealing with a pregnancy test, which is a completely different topic. The thumbnail does not accurately represent the main content of the video, and it uses clickbait tactics to attract viewers."
yBAihc9a3tg,"O
O
O
O
O
O
O
O
O
O
O
O
O
O
O
O
OOOO
O
O
O
O
O
O
O
O
O
O
O
O
O
O
O
OOOOO
O
OOOOO
O
O
OO
O
OOOO
O
O
O
O
OOO000
O2222000020
3333333333333333333333333333
OOOOOOOOOOOO
O
O22222
O
O
O
O
3
3
O
O
O
O
O
O
O
OOOOOOOOOOOOOOOOOOOOOOOOO
O
O
O
O
O
O
O
O
O
O
O
OOOOOOOOOOOO
O
OOOOOOOOOOOOOOOOOOOOOOOOOOOOOOOOO0
OOOOO3O3OOOOOOOOOOOOOOOOOOOOOOOO00000OOOOO000OOOOOOOOOOOOOOOOOOOOOOOOOOOOOOOOOOOOOOOOOOOOOOOOOOOOOOOOOOOOOO33333OO330333000OOOOOOOOOOOOOOOOOOOOOOOOOOO0000000000000OOO00000000000000000000OOOOO60000000000000000000000"
tCe4KrQhraw,"The thumbnail of the video is misleading. The thumbnail shows a man with his mouth open, which might suggest that he is yelling or making a dramatic statement. However, the actual content of the video is focused on Cristiano Ronaldo's career and his achievements in soccer, with no emphasis on the man's mouth or any dramatic action. The thumbnail does not accurately represent the video's main topic or content, and it may lead viewers to expect a different type of video or content than what is actually presented."
n36VU8zqCP4,"The thumbnail of the video is misleading. The image shows a man and a child in a water park, but the actual content of the video is a compilation of various water-related activities and mishaps, including scenes from backyard pools, public pools, rivers, lakes, and water slides. The thumbnail's focus on the man and the child in the water park creates a misleading impression of the video's content, which is more diverse and not limited to a single location or activity."
owPT0yh0VV8,"The thumbnail for the video is misleading. The image shows a man with long hair, which might suggest a connection to the video's content. However, the actual video content is a trailer for an epic historical drama or action film set in pre-Columbian Mesoamerica. The thumbnail does not accurately represent the video's main topic or content, as it does not show any elements from the trailer, such as ancient civilization, conflict, or cultural clash. The thumbnail's purpose is to attract viewers by using a visually appealing image, but it does not provide any information about the video's content."
31L-QkC_lfM,"The thumbnail of the video is not misleading. It accurately represents the main topic of the video, which is a political event in Mexico involving the judicial reform discussions in the Senate. The thumbnail shows a group of people, likely senators, engaged in a debate or discussion, which aligns with the content of the video. The image captures the essence of the political event and the intensity of the debate, which is consistent with the actual video content."
40sJn4fEpMQ,"The thumbnail of the video is misleading. It shows a man and a woman dressed as Aladdin and Jasmine, which suggests that the video is about the characters from the Disney movie. However, the actual content of the video is a behind-the-scenes look at a parody or sketch comedy version of the movie, featuring actors in exaggerated costumes and poses. The thumbnail does not accurately represent the video's main topic or content, as it implies a connection to the original Disney movie, while the video is focused on the comedic parody."
21TLO0mJpYg,"The thumbnail of the video is misleading. The image shows a man with a medal around his neck, which suggests that he has won a significant achievement. However, the actual content of the video is about a Paralympic swimmer's journey and achievements at the Paris 2024 Paralympic Games. The thumbnail does not accurately represent the video's main topic or content, as it focuses on a medal rather than the swimmer's accomplishments. This could lead to confusion or disappointment for viewers who were expecting a video about a medal-winning athlete, but instead find a video about a Paralympic swimmer."
MPz-U-GOhxg,"The thumbnail of the video is misleading. The image shows a man with a gun, which is not related to the actual content of the video. The video is about a political situation in Venezuela, focusing on opposition candidate Edmundo González Urrutia and his journey to Spain seeking political asylum. The thumbnail's content is unrelated to the video's content, and it may mislead viewers into expecting a different topic or story."
5WN6gCzNmZo,"The thumbnail of the video is misleading. The image shows a man and a woman sitting together, but the actual content of the video is a hockey game and a sports bar or restaurant. The couple is not the main focus of the video, and their interactions are not the central theme. The thumbnail's content does not accurately represent the video's main topic or content, making it misleading."
KafZCpAp82Q,"The thumbnail of the video is misleading. The image shows a man with a soccer ball, but it does not accurately represent the content of the video. The video is actually a highlight reel or montage featuring a prominent soccer player, focusing on his career achievements and memorable moments. The thumbnail does not provide any information about the player or the video's content, making it misleading for viewers who are interested in watching a soccer-related video."
