video_id   , classification
s0KtWNhB1Fk, "The thumbnail is misleading. The image shows a woman in a dark green outfit sitting in a chair against a black background, which suggests that she is the main subject of the video. However, the actual content of the video is a series of promotional interviews and behind-the-scenes footage for the Marvel Studios film ""Eternals."" The woman in the thumbnail is just one of the many cast members featured in the video, and her appearance is not representative of the video's main topic. The thumbnail uses a clickbait tactic by focusing on a single subject, which is not accurately representative of the video's content."
kOYy8iCfIJ4, "Based on the provided information, the thumbnail of the video is misleading. The video is about the book of Judges in the Bible, which is a story of Israel's complete failure, moral corruption, and the consequences of abandoning their faith and moral principles. However, the thumbnail suggests that the video is about a different topic, which is not accurate. The video's content is not clickbait or exaggerated, but it does present a disturbing and violent narrative. Therefore, the thumbnail is misleading and does not accurately represent the video's main topic."
UnIZ_GXP5m4, "The thumbnail of the video is misleading. The image shows a woman in a shimmering, nude-colored gown adorned with crystal embellishments, wearing an ornate headpiece and holding a microphone. This suggests that the video is about a fashion event or a red carpet moment. However, the actual content of the video is focused on interviews and behind-the-scenes moments at a high-profile fashion event, such as the Met Gala. The woman in the shimmering gown is just one of the many people present in the video, and her appearance is not the main focus of the content. Therefore, the thumbnail's representation of the video's main topic is misleading."
J1rD63L3d0M, "The thumbnail of the video is misleading. The image shows a close-up of a person with a sword, which suggests that the video is about action or combat. However, the actual content of the video is a gameplay sequence from The Witcher 3: Wild Hunt, focusing on dialogue, exploration, and character interactions. The thumbnail does not accurately represent the main topic or content of the video, as it exaggerates the action aspect and does not provide any context for the gameplay or story."
bpyrnAg6uVA, "The thumbnail of the video is misleading. The image shows a man and a woman, but the actual video content is a compilation of scenes from an interview or talk show, featuring a man and a woman engaged in a conversation. The thumbnail does not accurately represent the main topic or content of the video, as it does not show the actual interview or talk show setting."
W3QtP1hLBcQ, "The thumbnail of the video is misleading. The image shows a man and a woman, but it does not accurately represent the content of the video. The video is actually a BBC News segment discussing the ""Race for the White House"" and gender differences in voters. The video features a female news anchor and a male guest, both of whom are talking about the topic. The thumbnail's content does not align with the actual video content, which is focused on the presidential race and gender disparities in voting patterns."
qmmmQpkUyFo, "The thumbnail is not misleading. It accurately represents the video's main topic, which is the animated show ""Mr. Bean"" featuring the iconic character created by Rowan Atkinson. The thumbnail showcases the character's distinctive features and the central theme of the show, which revolves around Mr. Bean's comedic antics and his relationship with his teddy bear. The video's content description and subtitles further support the thumbnail's representation of the show's content."
fF6gExZu-2M, "The thumbnail of the video is misleading. The image shows a man sitting on a couch, eating pizza, and talking on the phone. However, the actual content of the video is a suspenseful and unsettling sequence from a horror or thriller film. The man is not eating pizza; instead, he is in a dangerous situation with a masked figure. The thumbnail does not accurately represent the video's main topic or content, as it portrays a casual and relaxed scene, while the actual video is filled with tension and fear."
5wo3h2VUsz4, "The thumbnail for the video is misleading. The image shows a man in a suit and tie, which suggests a formal or professional setting. However, the actual content of the video is an interview between Piers Morgan and a former U.S. president, which is a more casual and informal setting. The thumbnail's content does not accurately represent the video's main topic or content, as it implies a more formal or professional context."
8HqlJfVUTpM, "ooooetooooetoetoetoetooetoooooooooooooooooooooooooooooooooooooooooooooooooooooooooooooooooooooooooooooooooooooooooooooooooooooooooooooooooooooooooooooooooooooooooooooooooooooooooooooooooooooooooooooooooo
             o
             ooooooooooooooooooooooooooooooooooooooooooooooooooooooooooooooooooooooooooooooooooooooooooooooooooooooooooooooooooooooooooooooooooooooooooooooooooooooooooooooooooooooooooooooooooooooooooooooooooooooooooooooooooooooooooooooooooooooooooooooooooooooooooooooooooooooooooooooooooooooooooooooooooooooo
             oo
             o
             o
             oooo
             o
             o"
6VWQoCNiJK4, 
_P-y0rKMp9M, "The thumbnail of the video is misleading. The image shows a woman with horns and a red lip, which is not an accurate representation of the video's content. The video actually features behind-the-scenes footage from a Walt Disney Pictures production, likely for the movie ""Maleficent: Mistress of Evil."" The scenes transition through various settings and characters, giving a glimpse into the filmmaking process and the movie's fantasy world. The video does not focus on a single character with horns and a red lip, but rather showcases the making of a big-budget fantasy film, including the use of blue screen technology, costumes, and action sequences."
gO_KyTtJg10, "The thumbnail of the video is misleading. The image shows a man holding a bird, which is not a typical scene from a talent show. The actual content of the video is a compilation of scenes from a talent show, featuring contestants, judges, and audience reactions. The thumbnail's focus on the man with the bird creates a false impression of the video's main topic, which is the talent show."
FpCiWjDNLjA, and it's a place people can't people can't people can't people can't people can't people can't people can't people can't people can't people can't people can't people can't people can't people can't people can't people can't people can't people can't people can't people can't people can't people can't people can't people can't.t.t.t.t.t.t.t.t.t.t.t.t.t.t.t.t.t.t.t.t.t.t.t.t.t.t.t.t.t.t.t.t.t.t.t.t.t.t.t.t.t.t.t.t.t.t.t.t.t.t.t.t.t.t.t.t.t.t.t.t.t.t.t.t.t.t.t.t.t.t.t.t.t.t.t.t.t.t.t.t.t.t.t.t.t.t.t.t.t.t.t.t.t.t.t.t.t.t.t.t.t.t.t.t.t.t.t.t.t.t.t.t.t.t.t.t.t.t.t.t.t.t.t.t.t.t.t.t.t.t.t.t.t.t.t.t.t.t.t.t.t.t.t.t.t.t.t.t.t.t.t.t.t.t.t.t.t.t.t.t.t.t.t.t.t.t.t.t.t.t.t.t.t.t.t.t.t.t.t.t.t.t.t.t.t.t.t.t.t.t.t.t.t.t.t.t.t.t.t.t.t.t.t.t.
rp0cG2KP_lA, F
k4Bl4TXEm1w, "The thumbnail for this video is misleading. The image shows Keanu Reeves and Stephen Colbert shaking hands, which suggests a friendly interaction between the two. However, the actual content of the video shows a more intense and engaging conversation between the two men, with Keanu Reeves becoming increasingly animated. The thumbnail does not accurately represent the main topic or content of the video, as it implies a more casual interaction rather than the lively discussion that actually takes place."
H41fuhz_gvw, "The thumbnail is misleading. The thumbnail shows a person in a suit, which is not accurately representative of the video's content. The video actually features an abstract, dynamic digital animation with flowing, wave-like structures made of light against a deep blue background. The thumbnail's content is unrelated to the actual video content, and it uses a clickbait tactic to attract viewers."
96kZPzCUa5Y, "The thumbnail of the video is misleading. The image shows a woman in a gold dress, which might suggest that the video is about a glamorous event or a red carpet appearance. However, the actual content of the video is a compilation of various scenes from a celebrity's public appearances and performances, including behind-the-scenes moments, interviews, and press conferences. The woman in the gold dress is just one of the many scenes featured in the video, and her appearance is not the main focus of the compilation. The thumbnail's focus on the glamorous aspect of the video is misleading, as it does not accurately represent the video's content."
f_AyjjBAV8c, "The thumbnail of the video is misleading. The thumbnail shows a person holding a cell phone, which suggests that the video might be about technology or communication. However, the actual content of the video is about keeping secrets, as evidenced by the text frames set against a purple background and the repeated phrases about trust, secrecy, and the weight of holding onto confidential information. The thumbnail does not accurately represent the video's main topic or content, and it uses clickbait tactics to attract viewers by presenting a different subject than what the video is actually about."
8cWBdEowJPw, "The thumbnail of the video is misleading. The image shows a woman in a black dress, which might suggest that the video is about fashion or a similar topic. However, the actual content of the video is about a high-profile fashion event, likely the Met Gala, where two women are conducting interviews for Vogue magazine. The video also features other celebrities on the red carpet, showcasing the glamorous atmosphere of the event. The thumbnail does not accurately represent the main topic or content of the video, as it focuses on a single aspect of the event rather than the overall context."
6Q0AazVu1Tc, "The thumbnail of the video is misleading. The image shows a man in a yellow shirt, but the actual video content is a talent show performance with various elements such as audience reactions, a judge's panel, and a London cityscape. The thumbnail focuses on the man in the yellow shirt, but it does not accurately represent the main topic or content of the video, which is a talent show performance."
bPFR1AqtgLQ, "The image shows two women sitting on a couch, engaged in a conversation. One woman is wearing a black dress, while the other woman is wearing a pink dress. They appear to be having a friendly discussion, possibly about their experiences or sharing stories. The scene suggests a casual and relaxed atmosphere, with the two women enjoying each other's company."
tPCR_Y41DYs, "The thumbnail of the video is misleading. The image shows a man wearing a blue cap and sunglasses, which suggests that the video is about him. However, the actual video content is about a golf cart ride on a sunny day at a golf course, featuring two people engaged in an animated conversation. The man in the thumbnail is not the main focus of the video, and his presence is not significant enough to accurately represent the video's main topic."
YSLk4WziVmM, "The thumbnail of the video is misleading. The image shows a chimpanzee holding a piece of fruit or food, which might suggest that the video is about feeding behaviors or interactions. However, the actual content of the video is a nature documentary focusing on chimpanzees in their natural forest habitat, showcasing their social interactions, tool use, and adaptation to their environment. The thumbnail does not accurately represent the video's main topic or content, as it only highlights a single aspect of the chimpanzees' behavior."
zy9IFt2NU28, 
Q4kF0lRzGnI, "0
             0
             3
             0
             000
             0
             
             
             
             
             
             
             
             
             
             
             
             
             
             
             
             
             
             
             
             
             
             0"
HiIpk3kSHf4, "The video thumbnail: The image shows a family, including a man, a woman, and a young girl. They are sitting on a couch, and the man is wearing a striped top. The family is posing for a picture."
eyFKQElz25o, "The thumbnail of the video is misleading. It shows a man and a woman, which might suggest that the video is about a couple or a family. However, the actual content of the video is about the history of the Trump family and their origins in New York City. The thumbnail does not accurately represent the video's main topic or content."
xoUZD1UH_uY, "The thumbnail of the video is misleading. The image shows a man in a suit and a man in a green uniform, which suggests that the video might be about a professional or legal setting. However, the actual content of the video is about a documentary or investigative program that explores various topics, including crime, imprisonment, and historical events. The thumbnail does not accurately represent the main topic or content of the video."
05oEeCtmNeo, "The thumbnail of the video is misleading. The thumbnail shows a group of dogs standing together, but the actual video content shows a more dynamic and playful interaction between the dogs. The dogs are not just standing, but also engaging in various behaviors such as sniffing, circling, and playfully nipping at each other. The thumbnail does not accurately represent the main topic or content of the video, which is the dogs' social interactions and playfulness."
DMWZnUpNhPA, "The thumbnail of the YouTube video is misleading. The image shows a woman in bright neon yellow pants and a peach-colored top walking with a person dressed entirely in black. However, the actual video content does not accurately represent the thumbnail's content. The video shows a different scene, with the woman in bright yellow pants and the person in black walking together. The thumbnail's content is exaggerated and does not accurately represent the video's main topic or content."
CPU1P38nTkY, and you're you're going to be a lot of the president you'reat you're you're you're you're you're you're you're you're you're you're you're you're you're you're you're youre youre youre youre youre youre youre youre youre youre yourefford yourefford yourefford yourefford yourefford yourefford yourefford yourefford yourefford.
dzY-XIdiZ8g, "The video thumbnail is misleading. The image shows a man wearing a Monster Energy cap, but it does not accurately represent the main topic of the video. The actual video content is a podcast or interview featuring two individuals, with one of them wearing a Monster Energy cap. The thumbnail focuses on the man in the cap, which might lead viewers to expect a different topic or content than what is actually being discussed in the video."
Xejs4gGUpjE, "The thumbnail of the video is misleading. The image shows a man in a suit giving a speech, but the actual content of the video is a political convention or rally featuring a speaker addressing the audience. The thumbnail does not accurately represent the main topic or content of the video."
bTvTIiX6_6U, "The thumbnail of the video shows a man, likely Elon Musk, and it is described as ""Misleading."" The video is about Elon Musk and his influence on social media, specifically Twitter. The video discusses how Musk is allegedly driving election disinformation. The content of the video suggests that it is not misleading, but rather provides information about the topic at hand."
fl0x9Swgfgw, c.
6BTdXJowX6k, "The thumbnail is misleading. The image shows a group of men in traditional Mexican mariachi-style outfits, which suggests that the video is about a Mexican dance performance. However, the actual video content is an episode of the television show ""America's Got Talent,"" featuring a group of male dancers in traditional Mexican mariachi-style outfits. The thumbnail does not accurately represent the video's main topic or content, as it implies a Mexican dance performance rather than a talent show performance."
_9Z03xQ2b8c, "The thumbnail is misleading. The image shows a man and a woman, but the actual video content is about a celebrity couple, focusing on their public life, careers, and personal journeys. The thumbnail does not accurately represent the video's main topic or content."
lJLtYdNeAZg, "The thumbnail of the video is misleading. The image shows a man wearing a cap and a gray and red shirt, but it does not accurately represent the content of the video. The video is actually a reality TV show on TLC, focusing on a couple's relationship and their interactions with each other. The thumbnail's content does not provide any context or information about the couple or their relationship, making it misleading for viewers who are interested in the actual content of the video."
puaX01Ur5oA, "The thumbnail of the video shows a man giving a speech at a convention, which suggests that the video is related to politics or public events. The video's subtitles indicate that the man is talking about the importance of unity, law, and order in the United States. The video's content description also supports this, as it highlights the speaker's message about the country's values and principles. Based on these details, it can be inferred that the thumbnail accurately represents the video's main topic. The thumbnail is not misleading, as it accurately portrays the content of the video."
WDMOsXn5XPk, s number one thing you'reat number one thing you'reat number one thing you'reat number one thing you'reat number one thing you'reat number one thing you'reat one number one thing you'reat number one thing you'reat number one thing you'reat one number one thing you'reat one number one thing you'reat one number one thing one number one thing one number one number one number one number one number one number one number one number one number one number one number one number one number one number one number one number one number one number one number one number one number one number one number one number one number one number one number one number one number one number one number one number one number one number one number one number one number one number one number one number one number one number one number one number one number one number one number one number one number one number one number one number one number one number one number one number one number one number one number one number one number one number one number one number one number one number one number one number one number one number one number one number one number one number one number one number one number one number one number one number one number one number one number one number one number one number one number one number one number one number one number one number one number one number one number one number one number one number one number one number one number one number one number one number one number one number one number one number one number one number one number one number one number one number one number one number one number one number one number one number one number one number one.
_mDmGaaPhTQ, "The thumbnail for the video is misleading. Although it shows a person in a cowboy hat, which is a part of the video, the image does not accurately represent the content of the video. The video is actually a parody of the popular Netflix series ""Squid Game,"" blended with elements of a country music video. The thumbnail does not provide any indication of the parody or the country music elements, which could lead viewers to expect a different type of content."
pVbLFHReNvk, "The thumbnail of the video is misleading. The image shows a man with a beard and glasses, but the actual video content is a compilation of scenes from various shows on the Oprah Winfrey Network (OWN). The man in the thumbnail is not a prominent figure in the video, and his presence does not accurately represent the main topic or content of the video. The thumbnail may have been chosen to attract viewers with a recognizable face, but it does not accurately represent the video's content."
FsThr4wk-6k, "The thumbnail of the video is misleading. The image shows a man and a woman sitting together, but the actual content of the video is a behind-the-scenes look at a production or interview involving a popular entertainer. The thumbnail does not accurately represent the video's main topic or content, as it suggests a romantic or intimate relationship between the two individuals, while the actual video focuses on a professional setting with interviews and performances."
0My8YdNHr78, "The thumbnail of the video is misleading. The image shows a man and a woman, but the actual video content is focused on the 2024 U.S. presidential campaign, specifically Donald Trump's campaign activities and economic plans. The thumbnail does not accurately represent the main topic or content of the video."
E1n_JXSPomg, "S.
             
             
             
             
             
             S.
             
             
             
             
             
             
             
             
             
             
             
             
             
             
             
             
             
             
             
             
             
             
             
             s.
             
             
             
             
             
             
             
             
             
             
             
             
             
             
             
             
             
             
             
             
             
             S.
             
             
             
             
             
             
             
             
             
             
             
             
             
             
             
             
             
             
             
             
             
             
             
             
             
             s.
             
             
             
             S.
             
             
             
             
             
             
             
             
             
             
             
             
             
             
             
             
             s.
             
             
             
             
             t.
             
             
             t.
             t.
             t.t.
             s.
             t.
             
             
             t.
             t.
             t.
             t.
             
             
             t.
             s.
             t.
             s.
             s.
             t.
             t.
             t.
             t.
             t.
             t.
             t.
             t.
             t.
             s.
             s.
             sue.
             s.
             s.
             s.s.s.t.t.t.
             t.
             t.
             t.
             
             
             
             
             
             
             
             s.
             
             
             t.
             t.
             t.
             o.
             o.
             o.
             s.
             they.
             they.
             they.
             the.
             they
             s"
s3X2vSCcDUM, 
MdLcP8dJls4, "The video is a makeup tutorial featuring Ariana Grande. She is demonstrating various makeup techniques and products, including the use of R.E.M. Beauty, and Fenty Beauty. The tutorial is divided into different sections, with each one focusing on a specific makeup product or technique. The video is approximately 15 minutes long, showcasing a wide range of makeup products and tips."
VDJlWuxMnjg, "The thumbnail for the video is misleading. Although the video is about a new iPhone model, the thumbnail does not accurately represent the content of the video. Instead, it shows a close-up of a lizard on a gravel path, which is not related to the iPhone or its features. This misleading thumbnail may lead viewers to expect a video about lizards or reptiles, rather than a product reveal for a new iPhone model."
CfrwMi2oHUM, "The thumbnail is misleading. The image shows a cat character with a heart on her shirt, which might suggest a romantic or heartwarming theme. However, the actual video content is a promotional animation featuring an animated cat character in various scenes and settings, showcasing her playful and energetic nature. The video does not have a romantic or heartwarming theme, as it focuses on the character's interactions and expressions in different environments. The thumbnail's content does not accurately represent the video's main topic or content, making it misleading."
gk-ciEQSQUM, "The thumbnail for the video is misleading. Although the thumbnail features a woman in a black dress, it does not accurately represent the content of the video. The actual video is a Netflix comedy special featuring a female comedian, Mo'Nique, who is wearing a black evening gown and performing her stand-up routine. The thumbnail does not provide any indication of the comedic nature of the content or the performer's identity."
LY8L6C7tsx8, "The thumbnail of the video is misleading. The image shows two men in suits, which might suggest that the video is about business or politics. However, the actual content of the video is about the US presidential election process and its history. The video uses a mix of historical imagery, modern footage, animated graphics, and data visualizations to explain the complex process of US presidential elections, their history, and their significance in American democracy. The BBC branding is visible throughout, indicating this is likely part of their educational or news content about US politics."
ckbfS99N6jY, "The thumbnail is misleading. The image shows a man wearing a fur hat, which is not a typical scene at a McDonald's restaurant. The actual video content is about the opening of a McDonald's in Moscow, which is a significant event in the city's history. The thumbnail's content does not accurately represent the video's main topic or content."
QwiX2bRrkXg, 
hRwcYKZ2YzU, "The thumbnail for this video is misleading. The image shows Ben Affleck sitting in a chair, which might suggest that the video is about him or features him in some way. However, the actual content of the video is a Good Morning America (GMA) exclusive interview with Ben Affleck, where he talks about his personal struggles and addiction. The thumbnail does not accurately represent the main topic of the video, which is the interview and not just a picture of Ben Affleck."
slLhvr4mlUI, s.
Xz3EpLD_zlA, "The thumbnail of the video is misleading. The image shows a black cat sitting on a cake, which suggests that the video is about a cat's birthday celebration. However, the actual content of the video is not about a cat's birthday but rather a compilation of various pet-related scenes, including dogs and cats interacting with their environment and owner. The video also includes humorous elements, such as a ""kitty birthday cake"" made from canned cat food, but it is not the main focus of the video. The thumbnail's content is exaggerated and misleading, as it implies a cat's birthday celebration when the video is actually about a compilation of pet-related scenes."
KnIerxYbr4Q, "The thumbnail of the video is not misleading. It accurately represents the main topic of the video, which is a celebration of Alex Rodriguez's 49th birthday with his family in Italy. The thumbnail shows a man and a woman, likely Alex and his partner, enjoying a boat ride together. This scene is representative of the joyful moments captured in the video, which include family bonding, dancing, and celebrating the special occasion. The video's content and the thumbnail's visuals align well, making it a ""Not Misleading"" thumbnail."
WIUzrqSZX9M, "The thumbnail of the video is misleading. The image shows a baseball player wearing a pinstripe uniform, but it does not accurately represent the content of the video. The video is actually an interview with a New York Yankees player or coach, not a game in progress. The thumbnail's focus on the player's uniform and the presence of a baseball bat might lead viewers to expect a game or sports-related content, but the actual video is a post-game interview."
_cdlFd5-04E, "The thumbnail of the video is misleading. The image shows a man in a suit and tie, which suggests that the video might be related to a formal event or a news segment. However, the actual content of the video is a controversial interview with a musician, which is not accurately represented by the thumbnail. The thumbnail's misleading nature could lead viewers to expect a different topic or content than what is actually presented in the video."
ExFOYMV0Oj0, "Based on the provided information, the thumbnail of the video is misleading. The image shows a woman with a short haircut, but it does not accurately represent the content of the video, which features a prominent woman from the 1980s or early 1990s. The video's subtitles and content description suggest that the footage is from a documentary or news program about a significant public figure, possibly Diana, Princess of Wales. The video's content is more focused on the personal aspects and challenges faced by the woman, rather than showcasing her hairstyle. Therefore, the thumbnail is misleading as it does not accurately represent the video's main topic or content."
oZlYPyJuMM8, "The thumbnail for the video is misleading as it shows a single image of a man in a suit, which does not accurately represent the content of the video. The video is actually a comedy roast featuring multiple speakers, including Pete Davidson, Ann Coulter, and Rob Riggle, among others. The video is filled with jokes and humorous commentary about each other or specific subjects. The lighting and stage design suggest a professional comedy or roast event."
FF6PcHQ6jHk, "The thumbnail of the video is misleading. The image shows a woman in a white outfit, but she is not the main subject of the video. The actual content of the video revolves around a commentary or analysis of a press conference featuring a man and a woman. The thumbnail's focus on the woman in white is misleading, as it does not accurately represent the video's main topic."
wD2cVhC-63I, "The thumbnail is misleading. The image shows a man in a tuxedo holding an Oscar, which suggests that the video is about an awards ceremony or a celebration of some sort. However, the actual content of the video is a speech given by the man at the Oscars, which is not directly related to the thumbnail's content. The thumbnail's focus on the man in a tuxedo and the Oscar statuette creates a misleading impression about the video's main topic."
JiUH6LiuMPk, "The thumbnail for the video is misleading. The image shows a man and a woman sitting in a car, which might suggest a romantic scene or a prom date. However, the actual video content is a trailer for a Hulu original series called ""Prom Dates,"" which focuses on high school students and their experiences leading up to prom night. The thumbnail does not accurately represent the video's main topic or content, as it does not show any of the high school students or prom-related scenes. The thumbnail uses a clickbait tactic by showing a seemingly romantic moment between a man and a woman, which is not the actual content of the video."
2ZLmRi64a-U, "t
             t
             t
             t
             t
             t
             t
             t
             t
             t
             t
             t
             t
             t
             t
             t
             o
             o
             o
             o
             o
             o
             o
             o
             o
             o
             o
             
             
             
             
             
             
             t
             t
             
             t
             t
             
             
             
             
             
             
             
             
             
             
             
             
             
             
             
             
             
             
             
             
             
             
             
             
             
             
             
             
             
             
             
             
             
             
             
             
             
             
             
             
             
             
             
             
             
             
             
             
             
             
             
             
             
             
             
             
             
             
             
             
             
             
             
             
             
             
             
             
             
             
             
             
             
             
             o
             
             
             
             
             
             
             
             
             
             
             
             
             o
             o
             o
             ooo
             oooo
             o
             
             
             o"
phY1-45WlXU, "The thumbnail of the video is misleading. Although the video is about a new smartphone, the thumbnail does not accurately represent the content of the video. Instead, it shows a person holding a cell phone, which is not the main focus of the video. The video is focused on showcasing the features and capabilities of the new smartphone, but the thumbnail does not convey this information. The thumbnail may lead viewers to expect a different type of content or may not accurately represent the video's main topic."
tkgilcMbbjA, "The thumbnail is misleading. The image shows a woman in a white outfit, but the actual video content is not focused on her. Instead, the video is a documentary or reality show about various people's lives and careers, including a woman in white who is being interviewed. The thumbnail's focus on the woman in white creates a misleading impression about the video's main subject."
jxMYcIZstCk, "The thumbnail of the video is misleading. The image shows a man in a suit eating food, which might suggest that the video is about formal dining or etiquette. However, the actual content of the video is a comedic sequence featuring two main characters at a formal dining event or party, with one man being cautious and the other man being uninhibited in his eating habits. The thumbnail does not accurately represent the video's main topic or content, as it focuses on the man in the suit eating food, while the video is primarily a humorous portrayal of two men's contrasting dining styles."
C3muITBf1zU, .
ClQsovu57Xs, "The thumbnail of the video is misleading. The image shows a woman in a white dress, but the actual video content is about two women being interviewed at the Met Gala red carpet. The woman in white is holding a Vogue microphone, and the other woman is wearing a sheer brown dress with intricate patterns. The thumbnail does not accurately represent the main topic or content of the video, which is the Met Gala red carpet event and the interviews conducted by Vogue."
IN0rq5UEIuE, "The thumbnail of the video is misleading. The image shows a man and a young girl, but the actual video content is a talent show or competition with various acts, including singers, dancers, and other performers. The thumbnail does not accurately represent the main topic or content of the video, as it focuses on only two individuals instead of showcasing the diverse range of acts and performances in the show."
sp45-dQvqPo, "The thumbnail for this video is misleading. The image shows a man wearing a light blue jacket and a white shirt, which might suggest that he is the main subject of the video. However, the actual video content features two prominent hip-hop artists engaged in a conversation. The main subject is not the man in the light blue jacket, but rather the other man wearing a yellow polo shirt and a beige beanie. The thumbnail does not accurately represent the video's main topic or content, as it focuses on a secondary figure rather than the primary subject of the interview."
B1QJpHKC1Jw, 
Mo-IUlmxOpk, "S
             S
             S
             
             
             
             S
             
             
             
             
             S
             
             
             
             
             S
             S
             
             S
             S
             
             
             
             
             
             S
             S
             S
             S
             S
             S
             S
             S
             S
             S
             S
             S.
             S.
             S.
             S.
             S
             S
             S
             S
             S
             S
             S
             S.
             S
             S
             S
             S
             S
             S
             S
             S
             S
             S
             S
             S
             S
             S
             S
             
             S
             S
             the
             S
             S
             S
             S
             S
             S"
9wu2328g_6A, 
xiB7u8-qRXE, "The thumbnail of the video is misleading. The image shows a man in a car, but the actual content of the video is a court proceeding with a judge and other legal professionals. The thumbnail does not accurately represent the main topic or content of the video, which is a legal proceeding rather than a car-related scene."
XGYT6RaFX6w, "The thumbnail of the video is misleading. The image shows a person holding a red onion, which might suggest that the video is about cooking or using onions in a culinary context. However, the actual video content is focused on using onion juice for hair care, which is not accurately represented by the thumbnail. The thumbnail could have been more informative and representative of the video's main topic, which is hair care using onion juice."
G-TZphZQ3P8, "The thumbnail is misleading. The image shows two men in white suits standing in turquoise water, wearing sunglasses, which gives the impression that they are enjoying a luxurious and relaxing time together. However, the actual video content does not focus on this scene. Instead, the video features various luxurious settings, such as a vintage motorcycle, a pool, a lush green landscape, and a man in a lavender suit. The video's content does not accurately represent the thumbnail's main topic or content, and it uses exaggeration and clickbait tactics to attract viewers."
xHxsVRM-pS8, "The thumbnail is misleading. The image shows a man with his arms crossed, which might suggest a serious or intense moment in the video. However, the actual content of the video is a dance performance, which is not accurately represented by the thumbnail. The thumbnail does not provide any information about the dance performance, making it misleading for viewers who are interested in watching the dance act."
z6_5ltyASKA, "The thumbnail of the video is misleading. The image shows a woman with a microphone, which suggests that the video is about an interview or a discussion. However, the actual content of the video is the Met Gala 2024 red carpet event, where celebrities are dressed in extravagant outfits and attending the prestigious fashion event. The thumbnail does not accurately represent the video's main topic or content, as it focuses on the interviewer and the microphone, while the video is about the Met Gala and its attendees."
SvrjoX_2c2o, "The thumbnail is not misleading. The icon depicted in the thumbnail is a standard speaker or volume symbol, which is universally recognized and used to represent audio output on digital devices and interfaces. The icon remains static and unchanging throughout the sequence, and its simplicity and high contrast make it easily recognizable. The video's content description confirms that the icon is used to indicate volume control, audio settings, or the presence of sound in digital media."
x9RPJgLL1zg, "The thumbnail of the video is misleading. The image shows a woman with long, wavy brown hair, but the actual content of the video is a behind-the-scenes look at a television show or production, likely related to a talent competition or performance-based program. The woman in the thumbnail is not the main focus of the video, and her appearance is not representative of the video's main topic. The thumbnail uses the woman's image to attract viewers, but it does not accurately represent the video's content."
_raEUMLL-ZI, "The thumbnail of the video is misleading. The image shows a man sitting in a pool, which is not representative of the actual content of the video. The video is actually a promotional trailer for the Showtime series ""Billions,"" featuring scenes from the show and characters in various settings. The thumbnail's misleading nature is likely intended to attract viewers by using an unrelated and intriguing image, but it does not accurately represent the video's content."
DaB_aqdDWUw, ".
             .
             ......
             .
             .
             .
             
             
             
             
             
             
             
             
             .
             .
             ........................
             .
             .
             .
             .
             .
             
             
             
             .
             .
             
             
             
             ."
zIeCUbesx7c, "The thumbnail of the video is misleading. The image shows a man wearing a suit and sunglasses, which might suggest a formal or professional setting. However, the actual content of the video is an interview or conversation between the man and a woman, possibly in a more casual or relaxed environment. The man's attire and the presence of a black jacket with gold embellishments in the background further contribute to the misleading nature of the thumbnail. The thumbnail does not accurately represent the main topic or content of the video, as it does not show the man engaged in conversation or the overall setting of the interview."
BKX6EhDrgqQ, "The video is about McDonald's marketing strategies and customer experience. The video shows a self-order kiosk displaying the McDonald's menu, highlighting the digital transformation of the ordering process. It also features a scene where a robotic hand is selecting a watch on a screen, possibly symbolizing the intersection of technology and consumer choice. The video also discusses the use of cross-selling and how it influences customer behavior. The video is in German, but the content is still understandable."
vFZG8oWA2vw, 
xUY_ymL-V4w, "The thumbnail for the video is misleading. The thumbnail shows a contrast between a teenager with dyed blue hair and a young girl with glasses, which suggests that the video is focused on the differences between these two individuals. However, the actual video content is a compilation of various stages of childhood, showcasing different aspects of growing up, family bonds, and daily life. The thumbnail does not accurately represent the video's main topic or content, as it only highlights a small part of the video's content and does not provide a clear representation of the video's overall theme."
9aAb2H2IVbA, 
XaFLD0Flnf8, "The thumbnail of the video is misleading. The image shows a man and a woman, but it does not accurately represent the content of the video. The video is actually a split-screen interview between a female news anchor and a male interviewee, likely a politician or government official. The thumbnail does not provide any information about the actual content of the video, which is a news segment featuring a discussion between the two individuals."
-kAwVDIRg4U, "The thumbnail of the video is misleading. The image shows a man and a woman standing next to each other, but the actual video content is a game show, likely Family Feud, with a Christmas-themed episode. The thumbnail does not accurately represent the main topic or content of the video, as it does not show any elements of the game show or the festive background. The thumbnail may have been chosen to attract viewers with a more engaging or visually appealing scene, but it does not accurately represent the video's content."
ksTGa6Z4gLg, "The thumbnail of the video is misleading. The image shows a man with his hands on his head, looking shocked or surprised, which suggests that the video might be about an unexpected or surprising event. However, the actual content of the video is a comedic skit or reaction video, where the man's exaggerated expressions are part of the humor. The thumbnail's misleading nature is likely intended to attract viewers by promising a dramatic or surprising event, but the actual content is more focused on humor and entertainment."
LXY_HIU9CwQ, "The thumbnail of the video is misleading. The image shows a man in a black jacket and a woman in a yellow suit, which suggests that the video might be about a fashionable or stylish event. However, the actual content of the video is a gathering of a famous musician with members of the British royal family, likely for a charity or promotional event. The thumbnail does not accurately represent the video's main topic or content, as it does not showcase the interaction between the musician and the royal family."
y4vO9EVKZoM, "The thumbnail of the video is misleading. The image shows a woman with wet hair, which might suggest that the video is about hair care or styling. However, the actual content of the video is focused on making a rosemary-infused hair treatment and applying it. The thumbnail does not accurately represent the main topic of the video, which is about a DIY hair care routine using rosemary water."
g4-6YCFu_T0, "The thumbnail of the video is misleading. The image shows a woman in a stunning gown, but the actual video content is focused on a different woman in a different outfit. The thumbnail's content does not accurately represent the video's main topic or content, which is about a woman in a stunning gown walking down a red carpet. The thumbnail uses an exaggerated representation of the woman's outfit, which is a clickbait tactic to attract viewers."
vhns82LvKgE, "The thumbnail of the video is misleading. The actual content of the video is a step-by-step beauty tutorial, focusing on skincare and makeup application. However, the thumbnail suggests a different topic, possibly a different person or a different scene. This misleading thumbnail might lead viewers to expect a different type of content, which could be disappointing or confusing for those who click on the video."
BJG2xmvl8Bs, "The thumbnail of the video is misleading. The image shows a man and a woman, but the actual video content is focused on the couple's lifestyle and their Southern roots. The thumbnail does not accurately represent the main topic of the video, which is about their personal lives, experiences, and the Southern culture. The thumbnail uses exaggeration and clickbait tactics by showing a man and a woman, but the video does not primarily revolve around them."
LJaicOI7mwg, 
7TtV-f_m6Qg, "The thumbnail is not misleading. The image of the three blue circles against a black background accurately represents the video's content. The video features a minimalist animation or visual accompaniment to a song titled ""Magic"" by Vince Staples, featuring Mustard. The video consists of a series of frames showing these three blue circles, which are the primary visual elements throughout the video. The consistent use of blue against black creates a cool, calm atmosphere that might reflect the mood or theme of the song. The floating, shifting nature of the circles could symbolize the idea of ""magic"" mentioned in the song title, suggesting something ethereal or otherworldly."
_3MbDncHpfo, "The thumbnail of the video is misleading. The image shows a man with his hands on a woman's face, which suggests a romantic or intimate interaction. However, the actual content of the video is a dance performance, showcasing a young woman's acrobatic and dance skills. The thumbnail does not accurately represent the video's main topic or content, as it implies a different scene than what is actually happening in the video. This could potentially lead to confusion or disappointment for viewers who are expecting a different type of content based on the thumbnail."
Ila2XMCBF3Q, "The thumbnail of the video is misleading. The thumbnail shows a man in a tuxedo holding an Oscar, which suggests that the video is about the Academy Awards or a similar event. However, the actual content of the video is about a man winning an award at a different event, as evidenced by the context provided in the video description. The thumbnail's focus on the man in a tuxedo and the Oscar statuette creates a misleading impression about the video's main topic, which is not related to the Academy Awards or a similar event."
2_S8-0UfkUA, e
k5tLrVAYeVw, "The thumbnail of the video is misleading. The image shows a dog in a cage, which might suggest that the video is about an animal being confined or mistreated. However, the actual content of the video is about animal control officers rescuing animals from a cruelty case, providing care and assistance to the animals. The thumbnail does not accurately represent the video's main topic or content, as it implies a negative situation for the dog, while the video shows a positive and caring interaction between the officers and the animal."
rOqUiXhECos, "The thumbnail of the video is misleading. The image shows a man holding a dog, which might suggest that the video is about dogs or pet-related content. However, the actual video content is an interview with Keanu Reeves, where he talks about various topics such as his work, superhero roles, and book recommendations. The presence of a dog in the video is incidental and not the main focus of the content. Therefore, the thumbnail is misleading as it does not accurately represent the video's main topic."
dFlybZL1mWE, 
0_VUd4UhdS8, 
Dt11Y3gcvjY, "The thumbnail of the video is misleading. The image shows a woman sitting in a chair with a handbag, but the actual content of the video is about her exploring the contents of her handbag. The thumbnail does not accurately represent the main topic or content of the video."
XCIkeoO5re4, "The thumbnail of the video is misleading. The image shows a young girl singing into a microphone, but the actual content of the video is a performance from a talent show, likely America's Got Talent, featuring a young girl singing on stage. The thumbnail's focus on the girl singing into a microphone creates a misleading impression that the video is about her singing into a microphone, rather than showcasing her performance on stage."
4CcBKY1eCTM, "convenant,
             convenant,
             convenant,
             convenant,
             convenant,
             convenant,
             convenant,
             convenant,
             convenant,
             convenant,
             convenant,
             convenant,
             convenant,
             convenant,
             convenant,convenant,convenant,convenant,convenant,convenant,convenant,convenant,convenant,convenant,convenant,convenant,convenant,convenant,convenant,convenant,convenant,convenant,convenant,convenant,convenant,convenant,convenant,convenant,convenant,convenant,convenant,convenant,convenant,convenant,convenant,convenant,convenant,convenant,convenant,convenant,convenant,convenant,convenant,convenant,convenant,convenant,convenant,convenant,convenant,convenant,convenant,convenant."
gAxotzIS7ds, "The thumbnail of the video is misleading. It shows a man hanging from a pole, which is not the main focus of the video. The actual content of the video is a performance on a talent show, featuring acrobatics or dangerous stunts. The thumbnail's focus on the hanging man creates a misleading impression about the video's main topic, which is the talent show performance."
yCdOya5knaI, Sens
FsvAUf6I8co, "The thumbnail for this video is misleading. The thumbnail shows a close-up of a man's face, but the actual video content is a series of frames showing the same man in a black shirt against a plain white background. The frames capture different facial expressions and subtle movements, suggesting it may be part of a speaking or reaction video. The video's content does not align with the thumbnail's representation, as it does not showcase the man's face in a close-up shot."
WYCPtCiHQpk, "The thumbnail of the video is misleading. The image shows a man in a pink shirt, but the actual video content consists of two distinct segments: one featuring a man on a talk show or interview setting, and the other featuring a woman from the Oprah Winfrey Network (OWN). The man in the pink shirt is not the main focus of the video, and his presence in the thumbnail is misleading. The thumbnail should have been more representative of the actual content, which includes both the man and the woman from the OWN network."
H6oDVH1L4jc, "The image shows a man wearing a top hat, which is a tall, flat-crowned hat typically worn by men in the past. The man is standing next to a woman who is also wearing a hat. The scene appears to be from a historical period, possibly the Victorian era, as suggested by the presence of top hats. The image captures a moment in time when hats were a significant part of fashion and social etiquette."
LVNAd-TmjM4, "The video is a podcast or talk show featuring two main hosts or guests. The primary focus is on an older gentleman with a bald head, mustache, and tinted glasses. He is wearing headphones and sitting in front of a microphone, indicating he's participating in a recorded discussion. His attire consists of a dark jacket over a gray shirt. Throughout the frames, we see him in various animated states, using his hands expressively, and reacting to something said. The background behind him features what looks like lockers or storage units with various signatures or writing on them, suggesting this might be a regular studio setting for the show. There's a consistent presence of branded items, including a water bottle and an energy drink can on the desk in front of the main speaker. The ""PBD"" logo is visible in the lower left corner of most frames, likely representing the podcast or talk show's name."
Tbbzb8lm-Hc, "Based on the provided information, the thumbnail of the video is misleading. The image shows a man sitting in a chair, which might suggest that the video is about a casual conversation or interview. However, the actual video content is an exclusive interview with a prominent Latino actor for ABC News. The video includes various clips of the actor in different settings, such as a news anchor, a motorcycle rider, a singer, and a TV show judge. These clips are not related to the main topic of the interview, which is the actor's personal life and career. The thumbnail does not accurately represent the video's main topic, making it misleading."
yqD_a00kY_g, ����������������������������������������������������������������������������������������������ÔÔÔÔÔÔÔÔÔÔÔÔÔÔÔÔÔÔÔÔÔÔÔÔÔÔÔÔÔÔÔÔÔÔÔ���ÔÔ�������������������������������������������ÔÔ���������ÔÔÔÔÔÔÔÔÔÔÔÔÔÔÔÔÔÔÔÔÔÔÔÔÔÔÔÔÔÔÔÔÔÔÔÔÔÔÔÔÔ�������ÔÔÔÔÔÔÔÔÔÔÔÔÔÔÔÔÔÔÔÔÔÔÔÔÔÔÔÔÔÔÔÔÔÔÔÔÔÔÔ����������ÔÔÔÔÔÔÔÔÔÔÔÔÔÔÔÔÔÔÔÔÔÔÔÔÔÔÔÔÔÔÔÔÔÔÔÔÔÔÔÔÔÔÔÔÔÔÔÔÔÔÔÔÔÔÔÔÔÔÔÔÔÔÔÔÔÔÔÔÔÔÔÔÔÔÔÔÔÔÔÔÔÔÔÔÔ�ÔÔÔÔÔÔÔÔÔÔÔÔÔÔÔÔÔÔÔÔÔÔÔÔÔÔÔÔÔÔÔÔÔÔÔÔÔÔÔÔÔÔÔÔÔÔÔÔÔÔÔÔÔÔÔÔÔÔÔÔÔÔÔÔÔÔÔÔÔÔÔÔÔÔÔÔÔÔÔÔÔÔÔÔÔ��ÔÔÔÔÔÔÔÔÔÔÔÔÔÔÔÔÔÔÔÔÔÔÔÔÔÔÔÔÔÔÔÔÔÔÔÔÔÔÔÔÔÔÔÔÔÔÔÔÔÔÔÔÔÔ
IGEM-rZRD90, "sooooo0o0o0o0o0o0ooooooooooooooooooo0o0o0o0oooo0o0o0o0o0o0o0o0o0o0o0ooooooooooooooooooooooo0o0oo0ooooooooooo0o00o0o000000000o0o0oo0o0o0o0o0o0o0ooooooooooooooooooooooo0o0o0o0000o0o000o0o0o0o0o0o0o0o0o0ooooooooooooooo
             o"
CQK3Aaxp6R0, "The thumbnail of the video is misleading. The image shows a woman in a gold costume with her arms raised, which might suggest a dance performance or a dramatic scene. However, the actual video content is a performance piece with a large ensemble of dancers in red costumes, elaborate choreography, and intense lighting. The thumbnail does not accurately represent the video's main topic or content, as it focuses on a single performer rather than the group performance. This could lead viewers to expect a different type of content or be disappointed when they watch the video."
0S6vQgQhJt0, "The thumbnail is misleading. The image shows a woman in a school uniform, but the actual video content is a young performer in a similar outfit, possibly from a talent show or variety program. The thumbnail does not accurately represent the main focus of the video, which is the performer's act involving a teddy bear and a baby crib. The image of the woman in the school uniform is not the main subject of the video, and the thumbnail may lead viewers to expect a different type of content."
qiiWdTz_MNc, "The thumbnail of the video is misleading. The image shows a man in a tuxedo giving a speech at an awards ceremony, which suggests that the video is about an awards show or a similar event. However, the actual content of the video is about a man giving a speech on environmental issues and the importance of love and compassion. The thumbnail does not accurately represent the main topic or content of the video, as it focuses on a different aspect of the event."
1ZKpQ_2TGoI, "The thumbnail of the video shows a smiling man in a black t-shirt, which might suggest that the video is light-hearted or entertaining. However, the actual content of the video is a commentary or reaction piece about an event or controversy in the entertainment industry. The man in the thumbnail is not the main subject of the video, and his smiling expression does not accurately represent the video's main topic. Therefore, the thumbnail is misleading."
xq63gZyTP7c, "The thumbnail of the video is misleading. The image shows a woman wearing a face mask, which might suggest that the video is about the COVID-19 pandemic or mask-wearing guidelines. However, the actual content of the video is quite different, covering various public appearances, media coverage, and formal events. The thumbnail does not accurately represent the video's main topic or content, and it uses clickbait tactics to attract viewers."
VYWZVm6LjMI, "The thumbnail of the video is misleading. The image shows a woman in a black top and a young girl in a cream-colored dress, which suggests a scene of conflict or tension between the two characters. However, the actual content of the video is a behind-the-scenes look at the filming of a fantasy movie, showcasing the contrast between the dark, fantastical elements and the light-hearted, collaborative atmosphere on the set. The thumbnail's misleading representation of the video's content may lead viewers to expect a dramatic or tense scene, but the video actually focuses on the filming process and the interactions between the actors and crew members."
kGtHPEqmmN4, "The thumbnail of the video is misleading. The image shows a man in a suit and tie, which might suggest that the video is about a business or political topic. However, the actual content of the video is a news segment covering multiple political stories, including Trump proposing a government efficiency commission led by Elon Musk, the United Auto Workers Union hitting both Musk and Trump with federal labor charges, and Vice President Kamala Harris meeting with union members and executives for a roundtable discussion. The thumbnail does not accurately represent the video's main topic or content, as it focuses on a single person in a suit and tie, while the video covers various political stories."
hTkdr-GwQu0, "The thumbnail is misleading. The image shows a man in a police uniform, which suggests that the video is about law enforcement or a police-related topic. However, the actual content of the video is a compilation of scenes from a British comedy series, likely ""The Thin Blue Line."" The video features a mix of comedic and tense moments, with characters in various roles, including a pizza delivery man, a police officer, and individuals wearing grotesque masks. The thumbnail does not accurately represent the video's main topic or content, as it focuses on the police officer while the video is a comedy series."
3RifdP_RIpM, "The thumbnail for this video is misleading. The image shows a person petting a cat, but the actual video content is focused on a dog, Cashmere, being introduced as the ""Pet of the Week"" by CBS News Chicago. The thumbnail's content does not accurately represent the video's main topic or content, which is the promotion of Cashmere's adoption through PAWS Chicago."
5rjtKMcvqwA, cnn.
xkGohExO9oc, "The thumbnail of the video is misleading. The image shows a woman with long blonde hair wearing an all-white outfit, which might suggest that she is the main focus of the video. However, the actual content of the video shows a group of three individuals, including the woman in white, engaged in a conversation. The thumbnail does not accurately represent the main topic or content of the video, as it only shows one person and does not convey the group dynamic or the nature of the discussion."
q_2v0drKUCc, 
zjbQUM3-MBg, "The thumbnail of the YouTube video is misleading. The image shows a man leaning out of a car window, making a gesture with his hand, which suggests a confrontational or aggressive situation. However, the actual video content does not fully align with the thumbnail's depiction. The video primarily focuses on a cyclist approaching a luxury SUV, with several individuals standing nearby. The confrontation and aggressive gesture are not the main focus of the video, but rather a secondary element. The thumbnail's misleading nature might lead viewers to expect a more intense or dramatic scene, but the actual content is more focused on the cyclist and the people around the SUV."
-gxp_FbFl0I, "The thumbnail of the video is misleading. The image shows a man signing autographs for fans, but the actual content of the video is a celebrity encounter on a busy city street. The video captures the excitement and chaos of a high-profile celebrity sighting in a public space, with fans and media trailing behind. The man signing autographs is just one aspect of the scene, and the thumbnail does not accurately represent the main topic or content of the video."
KHfP3InQc94, 
0iIPe9XrpcM, "The video is a product review of various smartphone models and accessories. The presenter is holding a white box, likely containing a smartphone, and examines different phone models, including a pink one and a white one. The video also showcases accessories such as a charging brick or adapter and a wireless charging stand. The presenter's body language and facial expressions suggest enthusiasm and engagement with the products. Overall, the video provides a comprehensive review of new smartphone models and associated accessories, likely aimed at providing viewers with detailed information about the products' design, features, and performance."
k_rNaqV8B1c, "The thumbnail is misleading. The thumbnail shows a woman with a microphone, which suggests that she is singing or performing a song. However, the actual video content shows the woman performing a stand-up comedy routine or some form of spoken performance. The thumbnail's content does not accurately represent the video's main focus, which is the woman's comedic performance rather than singing."
PmFnTrb1KRo, "The thumbnail of the video shows a man in a white shirt and jeans, sitting at a table with a drink. The image suggests that he is engaged in a conversation or discussion. The video's subtitles indicate that the content revolves around a discussion about dating, specifically about a man dating a woman who is the ex-wife of another man. The video also touches upon the topic of gambling, with the man discussing his gambling habits and experiences.
             
             Based on the provided information, the thumbnail is misleading as it does not accurately represent the main topic of the video. The image shows a man in a casual setting, but the actual content of the video revolves around a more serious and personal topic, involving relationships and gambling."
w6Q3mHyzn78, "The thumbnail of the YouTube video is misleading. The image shows a woman with a microphone, which suggests that she is a singer. However, the actual video content is not focused on her singing but rather on her daily life, including activities like walking, shopping, and interacting with fans. The thumbnail does not accurately represent the video's main topic or content, as it implies that the video is about her singing or performing, while it is actually a compilation of her daily activities."
81ws8ZaZkwU, "The thumbnail of the video is misleading. The image shows a man with his eyes closed, which might suggest that he is sleeping or experiencing intense emotions. However, the actual content of the video is focused on an Olympic basketball game, with players in action, intense moments of play, and the crowd's reactions. The thumbnail does not accurately represent the main topic or content of the video, as it does not show any elements related to the basketball game or the Olympic event."
bHyG-ecqP94, "The thumbnail of the video is misleading. The image shows a woman in a white dress, but the actual content of the video is an interview between two women, one in a white dress and the other in a black dress. The thumbnail focuses on the woman in the white dress, which might not accurately represent the main topic of the video. The video is about a fashion event, specifically the Met Gala, and the two women are conducting an interview. The thumbnail's focus on the woman in the white dress might lead viewers to expect a fashion-related video, but the actual content is an interview."
MKPJLPy6N4o, "The thumbnail of the video is misleading as it does not accurately represent the main topic or content of the video. The image shows a woman with a mask on her face, which might suggest that the video is about skincare or beauty routines. However, the actual video content is focused on makeup application, specifically a quick and simple makeup routine. The woman is seen applying various makeup products, such as foundation, eyeliner, and lipstick, and using a lip scrub. The video also provides tips and recommendations for different makeup products. Therefore, the thumbnail does not accurately represent the video's content, making it misleading."
wp4YZdSz2aA, "The thumbnail for this video shows a woman with a slim jawline, which might be misleading as it only shows a small part of the content. The video is about the beauty industry in South Korea, specifically focusing on plastic surgery. It discusses the popularity of plastic surgery in the country, the reasons behind it, and the potential risks involved. The video also touches upon the impact of the beauty industry on society and the pressure it puts on people to conform to certain beauty standards. Overall, the video provides a comprehensive look at the plastic surgery industry in South Korea and its implications."
_mzeHkQnQrc, "The thumbnail of the video is misleading. It shows a man in a suit and tie, which gives the impression that the video is about a formal event or a business-related topic. However, the actual content of the video is a comedic performance by a celebrity impersonator dressed as Donald Trump, performing on a stage with American flags in the background. The thumbnail does not accurately represent the video's main topic or content, as it does not show the performer or the comedic nature of the act."
ozq45cJv7XI, "The thumbnail of the video is misleading. The image shows a woman and a dog, but it does not accurately represent the video's main topic or content. The video is actually about a heartwarming story of rescued dogs, focusing on their rehabilitation and adoption. The thumbnail might lead viewers to expect a different type of content, such as a typical talent show performance."
nRS7Mf1QaZ0, 
XUTt_nxXOwY, "The thumbnail of the video is misleading as it does not accurately represent the main topic or content of the video. The video is actually an interview with a guest, who is an actress, singer, dancer, and director. The thumbnail should have depicted the interview or the guest to accurately represent the content of the video."
bTMJwZNMXJ0, "The thumbnail of the video is misleading. Although the girl is holding a puppet, the thumbnail does not accurately represent the main focus of the video, which is the girl's ventriloquist act with the puppet. The thumbnail might lead viewers to expect a different type of content or a different scene from the video. The actual content of the video is a performance of a ventriloquist act, which is not adequately represented by the thumbnail."
wo1HIH7KIlw, "The thumbnail of the video is misleading. The image shows a woman in a navy blue outfit, but it does not accurately represent the content of the video. The actual video features a talk show segment with a woman in a navy blue outfit, two hosts, and a couch. The thumbnail focuses on the woman in the navy blue outfit, but it does not provide enough context to accurately represent the show's content. The video is about a talk show, not a music performance, as suggested by the thumbnail."
tZNBy-BdM2A, "o.
             the.
             the.
             the."
5Yo-OQlJzlc, "The thumbnail of the video is misleading. The image shows a woman with a shaved head, wearing a light blue shirt and a fluffy pink jacket, which might suggest that she is the main focus of the video. However, the actual content of the video is a compilation of scenes featuring a celebrity family, with the woman in the interview setting being just one of the subjects. The video also includes red carpet events, interviews, and public appearances, which are not accurately represented by the thumbnail. The thumbnail's focus on the woman in the interview setting creates a misleading impression about the video's content."
h4FnpoNU8AI, "The thumbnail of the video shows a woman with blonde hair, wearing a black turtleneck, and speaking at a podium. This description matches the actual content of the video, which features a woman giving a speech at a political event, likely a Republican National Convention. The video's content is accurately represented in the thumbnail, making it ""Not Misleading."""
ajavsMbCapY, "The thumbnail of the video is misleading as it does not accurately represent the content of the video. The video is an educational piece about the history and mechanics of voting in the United States, focusing on the Electoral College and its impact on the presidential election. The thumbnail should have provided a clearer indication of the video's content, such as an image related to the Electoral College or a map of the United States. Instead, the thumbnail shows a distorted, static-filled screen, which does not accurately represent the video's subject matter."
d41A2ENfqjw, "The thumbnail is misleading. The image shows a woman with long hair, but the video content is about a man with a buzzcut going through the stages of hair growth over two years. The thumbnail does not accurately represent the video's main topic or content, as it shows a woman with long hair instead of a man with a buzzcut. This exaggeration or false promise in the thumbnail could lead viewers to expect a video about a woman with long hair, rather than the actual content of the video, which is about a man's hair growth journey."
Y5G9m7wnGsA, "oooooooooooooooooooooooooooo.o.ooooooo
             o
             ooooo.o.o.
             o.
             o.
             o.
             o.o.o.o.o.o.
             o.
             o.
             o.
             o
             o
             o.
             o
             e
             o
             o
             o
             o.
             o
             o
             o.
             o.
             o.
             o.o.o.ooooo.o.o.3.3.o.o.3o.oo.o.oo.o.o.
             o.
             o.
             o.
             o.o.ooooooooooo.o."
OyZpZQoV4do, "Based on the provided information, the thumbnail of the YouTube video is misleading. The image shows a woman with blonde hair, but the video's content is focused on various celebrities and their transformations, with a particular emphasis on Bianca Sensor. The thumbnail does not accurately represent the video's main topic, which is about celebrities' pre-fame lives and their transformations. The thumbnail uses exaggeration and clickbait tactics to attract viewers, making it misleading."
jGO5lFxQPHA, "The thumbnail for the video is misleading. The image shows a group of people in red outfits performing on a stage, which suggests that the video is about a dance performance or a group act. However, the actual content of the video is a compilation of scenes from the popular talent show ""America's Got Talent."" The video features various acts, including a dance troupe, judges, and other performers, showcasing their talents on the AGT stage. The thumbnail does not accurately represent the main topic or content of the video, as it focuses on a single aspect of the show rather than providing a broader representation of the talent show."
yjmp8CoZBIo, "The thumbnail of the video is misleading. The image shows a group of young men, but it does not accurately represent the content of the video. The video is actually a music video or promotional content for a boy band, likely One Direction. The thumbnail does not show any of the band members or any indication of the music or performance aspect of the video. This misleading thumbnail may lead viewers to expect a different type of content than what is actually presented in the video."
V2-wFDGTKUo, "The thumbnail of the video is misleading. The image shows a woman holding a handbag, which might suggest that the video is about fashion, bags, or personal items. However, the actual content of the video is a Vogue interview or feature showcasing the woman's personal items and lifestyle. The video does not focus on the handbag but rather on various aspects of the woman's life, such as her belongings, beauty products, and personal preferences. The thumbnail does not accurately represent the video's main topic or content, making it misleading."
VMZkPe15SuE, "The thumbnail is misleading. The image shows a man wearing a white cap and a red and white flower garland, which suggests a festive or celebratory atmosphere. However, the actual video content is a behind-the-scenes or promotional content featuring an actor's journey through various scenes and settings. The man in the thumbnail is not the main focus of the video, and the thumbnail does not accurately represent the video's main topic or content."
BFvsKSeeahc, "The thumbnail of the video is misleading. The image shows a man in a purple suit, which is the Joker character from Batman, but the video's content is actually a compilation of scenes from the TV show ""America's Got Talent"" mixed with clips of the Joker character. The thumbnail's content does not accurately represent the video's main topic or content, as it suggests a performance by the Joker character, while the actual video is a compilation of AGT clips."
vKYoStzwcR0, "The thumbnail of the video is misleading. The image shows a woman in a tight grey dress walking outdoors, but the actual content of the video is a compilation of scenes from a reality TV show featuring a well-known family. The thumbnail does not accurately represent the video's main topic or content, as it focuses on a single moment of a woman walking, while the video is a montage of various interactions and settings involving different family members."
8e0z3-iZ_TY, "The thumbnail of the video is misleading. Although the video does feature a dog act, the thumbnail does not accurately represent the content of the video. Instead, it shows a cat sitting on a hoop, which is not related to the dog act in the video. This misleading thumbnail may lead viewers to expect a cat-related content, rather than the actual dog act performance."
1aED098mH_Y, "The thumbnail of the video is misleading as it does not accurately represent the main topic or content of the video. The video is actually a compilation of interview segments and public appearances by a high-profile couple and their associates, discussing personal struggles and parenting experiences. The thumbnail should have been more representative of the actual content, such as showing the couple or a relevant scene from the interviews."
rej2Ts_TpwQ, "The thumbnail for this video is misleading. The image shows a man in a suit sitting in a red chair, which might suggest that the video is about a formal event or a business-related topic. However, the actual content of the video is an interview on the Ellen DeGeneres Show, featuring a blonde woman in a dark suit and tie and a Black man in a dark suit with an open collar. They are engaged in a conversation, and the video is not about a formal event or a business-related topic. The thumbnail does not accurately represent the video's main content, which is a casual and entertaining interview on a talk show."
JPUbSvsxjsY, "o
             o
             
             
             
             
             
             
             
             
             
             
             
             
             
             
             
             
             
             
             
             
             
             
             
             
             
             
             
             
             
             
             
             
             
             
             
             
             
             
             
             o
             o
             o
             o
             o
             o
             
             
             
             
             
             
             
             
             
             
             
             
             
             
             
             
             
             
             
             
             
             
             
             
             
             
             
             
             
             
             
             
             
             
             
             
             
             
             
             
             
             
             
             
             
             
             
             
             
             
             
             
             
             
             
             
             
             
             
             
             
             
             
             
             
             
             
             
             
             
             
             
             
             
             
             
             
             
             
             
             
             
             
             
             
             
             
             
             
             
             
             
             
             o
             o
             o
             o
             o
             o
             o"
RflpBqeuf6g, "The thumbnail of the video is misleading. Although the image shows a man and a woman, it does not accurately represent the content of the video. The video is actually a compilation of scenes from a talent show or competition, featuring various acts and performances. The thumbnail's focus on the man and woman may lead viewers to expect a different type of content or a more prominent role for these individuals in the video."
fZLLqapzxRQ, "The thumbnail of the video is misleading. The image shows a young boy sitting on a red couch, but it does not accurately represent the content of the video. The actual video features a TV show called ""Little Big Shots,"" where a host interacts with young children, including a three-year-old boy named James. The video is light-hearted and entertaining, showcasing the children's responses and the host's engaging demeanor. The thumbnail's content does not accurately represent the show's nature or the children's interactions with the host."
gGhO1gaz-bU, F
YQwKPgBWJ_Q, "The thumbnail of the video is misleading. The image shows a woman wearing a polka dot dress, but the actual video content does not focus on her outfit. Instead, the video primarily shows the woman in a short black outfit walking with another woman, engaging in conversation, and interacting with each other. The thumbnail's focus on the polka dot dress creates a misleading impression about the video's content, as it does not accurately represent the main topic or scene."
OVADZrhZF1E, Theo
wb6zZfakPJ0, "The thumbnail of the video shows a man with distinctive features, including sharp cheekbones and blue eyes. The video is titled ""Finding Cillian Murphy,"" suggesting that it is a profile of the actor. The video seems to cover various stages of the actor's career, from his early days to his recent successes. The video also includes interviews with the actor, providing insights into his life and work. Based on the content, it can be concluded that the thumbnail accurately represents the video's main topic. Therefore, the thumbnail is not misleading."
6l71Q-zgelg, "The thumbnail of the video is misleading. The image shows a woman in a blue dress, but the video content is not focused on her. Instead, the video depicts a high-profile public event with various attendees, including a woman in a blue dress who is greeting people and engaging in conversations. The thumbnail's focus on the woman in the blue dress creates a misleading impression about the video's main topic or content."
yEl-9rYlB3o, "The thumbnail of the video is misleading. The image shows a close-up of sharp teeth, which is unrelated to the actual content of the video. The video is an interview or conversation between two individuals, possibly celebrities or public figures, discussing various topics. The thumbnail does not accurately represent the main topic or content of the video, making it misleading."
z1PUP2JpKBI, "The thumbnail of the video is misleading. The image shows a man in a yellow shirt, but the actual content of the video is a reaction and commentary piece about the film industry, specifically focusing on events at the Venice Film Festival. The man in the yellow shirt is not the main subject of the video, but rather a character providing commentary or reacting to news about the film industry. The thumbnail's content does not accurately represent the video's main topic or content, which is misleading to viewers."
ZU8Xl04-ZIE, "oooooooooooooooooooooooooooooooooooooooooooooooooooooooooooo
             ooooooooooooo
             o
             oooooo
             o
             t
             t
             o
             o
             
             
             
             o
             o
             oooo
             o
             
             
             
             
             
             
             
             
             
             
             
             
             
             
             
             
             
             
             
             
             o
             t
             
             
             
             
             
             t
             
             
             
             
             
             
             
             
             
             o
             
             
             
             
             o
             o
             
             o
             
             
             
             
             
             
             
             
             
             
             
             
             
             
             
             
             
             oooooooo
             t
             t
             
             
             
             
             
             
             
             o
             ooooooo
             o
             o
             o
             
             o
             
             
             
             
             ooo
             
             
             
             
             
             
             
             
             
             
             o
             o
             o
             
             
             
             
             
             
             
             
             
             
             
             
             
             
             
             
             
             
             o
             o
             o"
ZSAoETxubSI, "The thumbnail of the video shows a woman with a heart-shaped face, which is a misleading representation of the actual content. The video is about plastic surgery in South Korea, focusing on the industry and its impact on the country. The thumbnail's heart-shaped face suggests that the video is about love or romance, which is not accurate. Therefore, the thumbnail is misleading."
jmhLmUc6WVI, "The thumbnail of the video is misleading. The image shows a man wearing a cowboy hat, which might suggest that the video is about a cowboy or a western theme. However, the actual content of the video is a college football game between Texas and Michigan, with commentators discussing the game and analyzing the players' performance. The thumbnail does not accurately represent the main topic or content of the video, as it does not show any elements related to the college football game."
P-0PB4cbtDc, "The thumbnail of the video is misleading. The actual content of the video is a series of scenes from a popular ""Carpool Karaoke"" style show, featuring various celebrities singing and engaging in conversations while riding in a car. The thumbnail, however, shows a man and a woman singing in a car, which is not an accurate representation of the video's main content. The thumbnail uses exaggeration and clickbait tactics to attract viewers, as it does not accurately depict the actual content of the video."
1Xt9MXXTtgo, "The thumbnail for the video is misleading. The image shows a woman in a dark outfit, which might suggest a dramatic or mysterious scene. However, the actual content of the video is a series of images depicting a woman in a boutique or studio, interacting with an attendant who is holding a tray with tea or coffee. The thumbnail does not accurately represent the video's main topic or content, as it does not show the woman in a boutique or studio setting. The thumbnail's misleading nature might lead viewers to expect a different type of content, such as a dramatic scene or a mystery, but the actual video focuses on a more mundane and social interaction in a boutique or studio setting."
CSOQ_KizIP8, "The thumbnail for the video is misleading. The image shows a man with a guitar, which suggests that the video might be related to music or a musical performance. However, the actual content of the video is a compilation of scenes from a talent show, featuring various acts and performances. The man with the guitar is just one of the performers, and the video does not primarily focus on music or guitar-related content. The thumbnail's misleading nature is likely intended to attract viewers by suggesting a musical theme, but it does not accurately represent the video's main content."
MkkLOLXLLpY, "The thumbnail of the video is misleading. The image shows a woman wearing a pink outfit and hat, smiling and engaging with others. However, the actual video content is a biographical montage about a prominent royal figure, likely Princess Diana, chronicling her life from childhood to her untimely death. The thumbnail does not accurately represent the video's main topic or content, as it portrays a happy and positive scene, while the video itself is focused on a more serious and somber subject."
CF9dFpGS7yY, "The thumbnail of the video is misleading. The image shows a man and a woman sitting on a couch, but the actual video content is a mix of different scenes, including a family dinner, a TV studio setting, a podcast recording, a red carpet event, and a living room interview. The thumbnail does not accurately represent the video's main topic or content, as it only shows a single moment of the couple sitting on a couch."
